invoice_id,flagged,error_category,expected_total_cents,billed_total_cents,confidence
INV-H2-000001,0,,1562227,1562227,0.65
INV-H2-000002,0,,3209350,3209350,0.65
INV-H2-000003,0,,2215650,2215650,0.65
INV-H2-000004,0,,3434580,3434580,0.65
INV-H2-000007,1,malformed_service_date;wrong_unit_basis,2120830,2120830,0.65
INV-H2-000008,0,,1117300,1117300,0.65
INV-H2-000009,0,,2109715,2109715,0.65
INV-H2-000010,0,,5027175,5027175,0.65
INV-H2-000011,0,,2230050,2230050,0.65
INV-H2-000012,0,,1365950,1365950,0.65
INV-H2-000013,1,service_date_after_invoice_date;bundle_not_applied;invoice_amount_mismatch;line_amount_mismatch,2810485,2748025,0.65
INV-H2-000014,0,,2026480,2026480,0.65
INV-H2-000015,0,,3265271,3265271,0.65
INV-H2-000016,1,invoice_total_mismatch,3197650,3222650,0.65
INV-H2-000017,0,,3403600,3403600,0.65
INV-H2-000019,0,,2170800,2170800,0.65
INV-H2-000020,0,,3676525,3676525,0.65
INV-H2-000023,0,,2161250,2161250,0.65
INV-H2-000024,0,,4052564,4052564,0.65
INV-H2-000026,0,,2129225,2129225,0.65
INV-H2-000027,0,,4051625,4051625,0.65
INV-H2-000029,0,,2935775,2935775,0.65
INV-H2-000030,0,,1661900,1661900,0.65
INV-H2-000031,0,,1033775,1033775,0.65
INV-H2-000033,0,,2413432,2413432,0.65
INV-H2-000034,0,,3110520,3110520,0.65
INV-H2-000036,0,,1734643,1734643,0.65
INV-H2-000037,0,,851304,851304,0.65
INV-H2-000039,0,,2742525,2742525,0.65
INV-H2-000043,0,,2887910,2887910,0.65
INV-H2-000044,0,,2090343,2090343,0.65
INV-H2-000045,1,bundle_incorrectly_applied;line_amount_mismatch,3414412,3341612,0.08
INV-H2-000048,0,,1148850,1148850,0.65
INV-H2-000049,0,,1738588,1738588,0.65
INV-H2-000050,0,,1662879,1662879,0.65
INV-H2-000052,0,,2851444,2851444,0.65
INV-H2-000054,1,duplicate_invoice_id;bundle_not_applied;line_amount_mismatch,1918968,1893669,0.65
INV-H2-000055,1,unknown_service,2926577,2926577,0.53
INV-H2-000056,0,,1625475,1625475,0.65
INV-H2-000059,0,,1840438,1840438,0.65
INV-H2-000060,0,,4650162,4650162,0.65
INV-H2-000062,1,unknown_service,2715547,2715547,0.53
INV-H2-000064,0,,4804408,4804408,0.65
INV-H2-000065,0,,4090090,4090090,0.65
INV-H2-000066,0,,4551702,4551702,0.65
INV-H2-000068,0,,2625251,2625251,0.65
INV-H2-000069,0,,2863675,2863675,0.65
INV-H2-000075,0,,2409213,2409213,0.65
INV-H2-000077,0,,965993,965993,0.65
INV-H2-000078,1,duplicate_invoice_id;service_date_after_invoice_date;bundle_not_applied;invoice_amount_mismatch;line_amount_mismatch,1551360,1481960,0.65
INV-H2-000079,0,,858946,858946,0.65
INV-H2-000080,0,,884256,884256,0.65
INV-H2-000084,0,,2242000,2242000,0.65
INV-H2-000085,0,,5872703,5872703,0.65
INV-H2-000086,0,,1449553,1449553,0.65
INV-H2-000087,0,,3307731,3307731,0.65
INV-H2-000089,0,,3697715,3697715,0.65
INV-H2-000091,0,,848706,848706,0.65
INV-H2-000096,0,,3582167,3582167,0.65
INV-H2-000097,0,,1918135,1918135,0.65
INV-H2-000099,0,,3671140,3671140,0.65
INV-H2-000100,0,,1012872,1012872,0.65
INV-H2-000102,0,,2698803,2698803,0.65
INV-H2-000104,1,service_date_out_of_window;duplicate_invoice_id;bundle_incorrectly_applied;line_amount_mismatch,1834047,1886279,0.65
INV-H2-000108,0,,939000,939000,0.65
INV-H2-000111,0,,3132384,3132384,0.65
INV-H2-000112,0,,1682241,1682241,0.65
INV-H2-000114,0,,2359940,2359940,0.65
INV-H2-000116,0,,4099404,4099404,0.65
INV-H2-000119,0,,1653293,1653293,0.65
INV-H2-000120,0,,2187675,2187675,0.65
INV-H2-000122,0,,1592510,1592510,0.65
INV-H2-000124,0,,856654,856654,0.65
INV-H2-000126,0,,2878543,2878543,0.65
INV-H2-000127,0,,1721114,1721114,0.65
INV-H2-000128,0,,3137006,3137006,0.65
INV-H2-000129,0,,1656345,1656345,0.65
INV-H2-000132,0,,413865,413865,0.65
INV-H2-000133,0,,830125,830125,0.65
INV-H2-000134,0,,3628983,3628983,0.65
INV-H2-000135,0,,1727577,1727577,0.65
INV-H2-000137,0,,584584,584584,0.65
INV-H2-000139,0,,498875,498875,0.65
INV-H2-000140,0,,2595642,2595642,0.65
INV-H2-000141,0,,3511113,3511113,0.65
INV-H2-000143,0,,3650784,3650784,0.65
INV-H2-000144,1,bundle_not_applied;line_amount_mismatch,631850,767964,0.08
INV-H2-000145,0,,2771471,2771471,0.65
INV-H2-000146,0,,1528394,1528394,0.65
INV-H2-000147,1,duplicate_invoice_id,4149703,4149703,0.65
INV-H2-000148,0,,607093,607093,0.65
INV-H2-000149,0,,2852913,2852913,0.65
INV-H2-000150,1,malformed_service_date;wrong_unit_basis,953604,953604,0.65
INV-H2-000153,0,,1484485,1484485,0.65
INV-H2-000155,0,,2297545,2297545,0.65
INV-H2-000156,0,,3133358,3133358,0.65
INV-H2-000157,0,,849911,849911,0.65
INV-H2-000158,0,,2430168,2430168,0.65
INV-H2-000160,0,,2010188,2010188,0.65
INV-H2-000162,0,,1152086,1152086,0.65
INV-H2-000165,0,,1853491,1853491,0.65
INV-H2-000166,0,,2087494,2087494,0.65
INV-H2-000167,0,,2496350,2496350,0.65
INV-H2-000169,0,,2073831,2073831,0.65
INV-H2-000171,1,line_total_arithmetic;invoice_total_mismatch;line_amount_mismatch,2907262,2999762,0.65
INV-H2-000173,0,,2477099,2477099,0.65
INV-H2-000174,0,,2007600,2007600,0.65
INV-H2-000175,0,,2721039,2721039,0.65
INV-H2-000176,1,unknown_service;line_total_arithmetic;line_amount_mismatch,816325,791325,0.65
INV-H2-000178,0,,1810565,1810565,0.65
INV-H2-000180,0,,3160638,3160638,0.65
INV-H2-000182,0,,3424525,3424525,0.65
INV-H2-000183,1,contract_number_mismatch;daily_cap_exceeded;invoice_amount_mismatch;line_amount_mismatch,977993,1041743,0.45
INV-H2-000185,0,,1077654,1077654,0.65
INV-H2-000187,0,,2911019,2911019,0.65
INV-H2-000188,0,,1848168,1848168,0.65
INV-H2-000189,0,,1322741,1322741,0.65
INV-H2-000195,0,,2195990,2195990,0.65
INV-H2-000197,1,duplicate_invoice_id,3522408,3522408,0.65
INV-H2-000198,0,,2726444,2726444,0.65
INV-H2-000199,0,,3747628,3747628,0.65
INV-H2-000202,0,,1575784,1575784,0.65
INV-H2-000207,0,,5339128,5339128,0.65
INV-H2-000209,1,service_date_after_invoice_date,2987990,2987990,0.65
INV-H2-000211,0,,3224183,3224183,0.65
INV-H2-000212,0,,2399862,2399862,0.65
INV-H2-000214,0,,1874579,1874579,0.65
INV-H2-000220,0,,5611650,5611650,0.65
INV-H2-000221,0,,2093653,2093653,0.65
INV-H2-000222,0,,1692095,1692095,0.65
INV-H2-000223,0,,1363298,1363298,0.65
INV-H2-000224,0,,819455,819455,0.65
INV-H2-000226,0,,2365736,2365736,0.65
INV-H2-000227,1,daily_cap_exceeded;line_amount_mismatch,1893398,2047798,0.08
INV-H2-000229,0,,2115083,2115083,0.65
INV-H2-000232,0,,554808,554808,0.65
INV-H2-000233,0,,2080723,2080723,0.65
INV-H2-000235,0,,1316842,1316842,0.65
INV-H2-000236,0,,3576685,3576685,0.65
INV-H2-000238,1,bundle_not_applied;line_amount_mismatch,4055652,4112722,0.08
INV-H2-000239,1,contract_number_mismatch;line_total_arithmetic;invoice_amount_mismatch;line_amount_mismatch,1141915,1140915,0.65
INV-H2-000241,0,,1809995,1809995,0.65
INV-H2-000242,0,,1754517,1754517,0.65
INV-H2-000243,0,,1572770,1572770,0.65
INV-H2-000244,0,,2875784,2875784,0.65
INV-H2-000245,0,,3639816,3639816,0.65
INV-H2-000248,1,service_date_out_of_window,2944030,2944030,0.65
INV-H2-000249,1,cross_invoice_duplicate;unknown_service;contract_number_mismatch,577725,622800,0.65
INV-H2-000251,0,,3991755,3991755,0.65
INV-H2-000254,0,,3152453,3152453,0.65
INV-H2-000256,0,,1269959,1269959,0.65
INV-H2-000258,0,,4756505,4756505,0.65
INV-H2-000260,0,,3875219,3875219,0.65
INV-H2-000264,0,,1903274,1903274,0.65
INV-H2-000267,0,,1646604,1646604,0.65
INV-H2-000268,0,,1812741,1812741,0.65
INV-H2-000269,0,,3633017,3633017,0.65
INV-H2-000270,0,,1930440,1930440,0.65
INV-H2-000271,0,,2348347,2348347,0.65
INV-H2-000274,0,,2988227,2988227,0.65
INV-H2-000275,0,,2399610,2399610,0.65
INV-H2-000276,0,,2928873,2928873,0.65
INV-H2-000279,0,,4108959,4108959,0.65
INV-H2-000281,0,,1820081,1820081,0.65
INV-H2-000282,0,,3803564,3803564,0.65
INV-H2-000283,0,,4143970,4143970,0.65
INV-H2-000286,0,,1015150,1015150,0.65
INV-H2-000287,0,,4273074,4273074,0.65
INV-H2-000288,0,,1708690,1708690,0.65
INV-H2-000290,1,duplicate_invoice_id;wrong_unit_basis;exclusion_window_violation;invoice_amount_mismatch;line_amount_mismatch;nonbillable_service;unit_price_mismatch,1916568,2219418,0.65
INV-H2-000291,0,,1924615,1924615,0.65
INV-H2-000292,0,,4047004,4047004,0.65
INV-H2-000293,0,,2436845,2436845,0.65
INV-H2-000294,0,,2842445,2842445,0.65
INV-H2-000296,0,,5013599,5013599,0.65
INV-H2-000299,1,contract_number_mismatch,3677863,3677863,0.65
INV-H2-000301,0,,3775268,3775268,0.65
INV-H2-000302,0,,719120,719120,0.65
INV-H2-000304,0,,1250195,1250195,0.65
INV-H2-000305,0,,1720763,1720763,0.65
INV-H2-000306,1,cross_invoice_duplicate;bundle_incorrectly_applied;invoice_amount_mismatch;line_amount_mismatch,3668091,3762607,0.65
INV-H2-000307,0,,2666334,2666334,0.65
INV-H2-000309,0,,2638802,2638802,0.65
INV-H2-000310,0,,3367575,3367575,0.65
INV-H2-000311,0,,2948572,2948572,0.65
INV-H2-000315,1,cross_invoice_duplicate;unknown_service;wrong_unit_basis,1623241,1836941,0.65
INV-H2-000317,0,,726065,726065,0.65
INV-H2-000318,0,,3066075,3066075,0.65
INV-H2-000319,0,,1282121,1282121,0.65
INV-H2-000321,0,,1973038,1973038,0.65
INV-H2-000323,0,,323654,323654,0.65
INV-H2-000325,1,bundle_not_applied;invoice_amount_mismatch;line_amount_mismatch,1598484,1666784,0.53
INV-H2-000326,0,,872000,872000,0.65
INV-H2-000328,0,,2670780,2670780,0.65
INV-H2-000329,0,,966437,966437,0.65
INV-H2-000331,0,,2670468,2670468,0.65
INV-H2-000333,0,,1201594,1201594,0.65
INV-H2-000334,0,,2990147,2990147,0.65
INV-H2-000335,0,,4659898,4659898,0.65
INV-H2-000340,0,,2243925,2243925,0.65
INV-H2-000341,0,,1736250,1736250,0.65
INV-H2-000343,0,,5344806,5344806,0.65
INV-H2-000344,0,,2731884,2731884,0.65
INV-H2-000345,0,,1708455,1708455,0.65
INV-H2-000346,0,,2408216,2408216,0.65
INV-H2-000347,0,,1874095,1874095,0.65
INV-H2-000348,0,,2412300,2412300,0.65
INV-H2-000350,0,,1775933,1775933,0.65
INV-H2-000352,0,,2541076,2541076,0.65
INV-H2-000354,0,,882912,882912,0.65
INV-H2-000356,0,,3469305,3469305,0.65
INV-H2-000357,0,,2918301,2918301,0.65
INV-H2-000359,0,,1422806,1422806,0.65
INV-H2-000362,0,,2580301,2580301,0.65
INV-H2-000365,0,,2527754,2527754,0.65
INV-H2-000368,0,,3089495,3089495,0.65
INV-H2-000370,0,,1838604,1838604,0.65
INV-H2-000371,0,,606294,606294,0.65
INV-H2-000374,0,,4311933,4311933,0.65
INV-H2-000375,0,,2117844,2117844,0.65
INV-H2-000376,1,service_date_after_invoice_date;daily_cap_exceeded;invoice_amount_mismatch;line_amount_mismatch,2779150,2933550,0.45
INV-H2-000378,0,,3569028,3569028,0.65
INV-H2-000381,0,,536246,536246,0.65
INV-H2-000382,0,,2908946,2908946,0.65
INV-H2-000383,0,,1996262,1996262,0.65
INV-H2-000385,0,,2066280,2066280,0.65
INV-H2-000386,0,,1412868,1412868,0.65
INV-H2-000389,0,,898556,898556,0.65
INV-H2-000390,0,,1681972,1681972,0.65
INV-H2-000393,0,,2854089,2854089,0.65
INV-H2-000395,0,,2315813,2315813,0.65
INV-H2-000397,0,,1363725,1363725,0.65
INV-H2-000399,0,,1760409,1760409,0.65
INV-H2-000400,0,,2854742,2854742,0.65
INV-H2-000401,0,,1154624,1154624,0.65
INV-H2-000407,0,,2348296,2348296,0.65
INV-H2-000409,0,,2308918,2308918,0.65
INV-H2-000410,0,,1095747,1095747,0.65
INV-H2-000413,0,,2121975,2121975,0.65
INV-H2-000414,0,,1289277,1289277,0.65
INV-H2-000415,0,,1366701,1366701,0.65
INV-H2-000416,0,,1882350,1882350,0.65
INV-H2-000417,0,,2886177,2886177,0.65
INV-H2-000418,0,,3790376,3790376,0.65
INV-H2-000420,0,,1997150,1997150,0.65
INV-H2-000422,1,malformed_service_date;bundle_not_applied;line_amount_mismatch,2357272,2442022,0.65
INV-H2-000423,0,,2257247,2257247,0.65
INV-H2-000424,0,,3020005,3020005,0.65
INV-H2-000428,0,,865265,865265,0.65
INV-H2-000429,0,,3033400,3033400,0.65
INV-H2-000430,0,,2119852,2119852,0.65
INV-H2-000431,0,,3036250,3036250,0.65
INV-H2-000432,1,line_total_arithmetic;invoice_total_mismatch;exclusion_window_violation;line_amount_mismatch;nonbillable_service;unit_price_mismatch,809053,851553,0.65
INV-H2-000433,0,,3006170,3006170,0.65
INV-H2-000435,0,,1993856,1993856,0.65
INV-H2-000436,1,wrong_unit_basis;invoice_total_mismatch;line_amount_mismatch;unit_price_mismatch,2190585,2403279,0.65
INV-H2-000437,0,,2565495,2565495,0.65
INV-H2-000438,0,,1618210,1618210,0.65
INV-H2-000440,0,,2974295,2974295,0.65
INV-H2-000441,0,,3406221,3406221,0.65
INV-H2-000444,0,,1808152,1808152,0.65
INV-H2-000445,0,,1867264,1867264,0.65
INV-H2-000446,1,service_date_out_of_window;service_date_after_invoice_date;wrong_unit_basis;daily_cap_exceeded;line_amount_mismatch,4031946,4057446,0.45
INV-H2-000447,1,service_date_out_of_window;bundle_not_applied;line_amount_mismatch,3605663,3616607,0.65
INV-H2-000448,0,,3534828,3534828,0.65
INV-H2-000449,0,,2821366,2821366,0.65
INV-H2-000450,0,,1164383,1164383,0.65
INV-H2-000451,0,,753854,753854,0.65
INV-H2-000452,0,,2030073,2030073,0.65
INV-H2-000453,0,,2618660,2618660,0.65
INV-H2-000454,0,,652962,652962,0.65
INV-H2-000455,0,,1630753,1630753,0.65
INV-H2-000457,0,,1969084,1969084,0.65
INV-H2-000459,0,,1475580,1475580,0.65
INV-H2-000460,0,,1720892,1720892,0.65
INV-H2-000461,0,,2159420,2159420,0.65
INV-H2-000462,0,,3616143,3616143,0.65
INV-H2-000464,0,,450405,450405,0.65
INV-H2-000465,0,,1735104,1735104,0.65
INV-H2-000466,0,,2091634,2091634,0.65
INV-H2-000468,0,,1417911,1417911,0.65
INV-H2-000469,0,,1799383,1799383,0.65
INV-H2-000473,1,cross_invoice_duplicate;unknown_service;bundle_not_applied;line_amount_mismatch,3131091,3336481,0.65
INV-H2-000475,0,,1571347,1571347,0.65
INV-H2-000477,0,,1175492,1175492,0.65
INV-H2-000479,0,,1487956,1487956,0.65
INV-H2-000480,0,,1052124,1052124,0.65
INV-H2-000483,0,,2817934,2817934,0.65
INV-H2-000484,0,,1766773,1766773,0.65
INV-H2-000487,0,,2302326,2302326,0.65
INV-H2-000488,0,,2235260,2235260,0.65
INV-H2-000489,0,,2652128,2652128,0.65
INV-H2-000490,0,,1318273,1318273,0.65
INV-H2-000491,0,,3922968,3922968,0.65
INV-H2-000493,0,,3246586,3246586,0.65
INV-H2-000496,0,,1186703,1186703,0.65
INV-H2-000500,0,,2320715,2320715,0.65
INV-H2-000501,0,,2146246,2146246,0.65
INV-H2-000502,0,,2294084,2294084,0.65
INV-H2-000505,0,,1313419,1313419,0.65
INV-H2-000507,1,invoice_amount_mismatch;line_amount_mismatch;unit_price_mismatch,3185764,3254536,0.53
INV-H2-000508,0,,3212900,3212900,0.65
INV-H2-000509,1,invoice_total_mismatch;bundle_not_applied;line_amount_mismatch;unit_price_mismatch,4976223,4972669,0.65
INV-H2-000510,0,,2229527,2229527,0.65
INV-H2-000515,0,,4751120,4751120,0.65
INV-H2-000517,0,,599366,599366,0.65
INV-H2-000518,0,,1392247,1392247,0.65
INV-H2-000519,1,malformed_service_date;unknown_service,4021008,4021008,0.65
INV-H2-000520,0,,1266208,1266208,0.65
INV-H2-000522,1,service_date_out_of_window;cross_invoice_duplicate;exclusion_window_violation;line_amount_mismatch;nonbillable_service;unit_price_mismatch,2053001,2437801,0.65
INV-H2-000524,0,,2678468,2678468,0.65
INV-H2-000528,0,,1165989,1165989,0.65
INV-H2-000530,0,,2020950,2020950,0.65
INV-H2-000531,0,,1912735,1912735,0.65
INV-H2-000532,0,,1735793,1735793,0.65
INV-H2-000533,0,,782200,782200,0.65
INV-H2-000540,0,,2617786,2617786,0.65
INV-H2-000541,0,,1250700,1250700,0.65
INV-H2-000542,0,,5495032,5495032,0.65
INV-H2-000544,0,,4361678,4361678,0.65
INV-H2-000546,0,,2877477,2877477,0.65
INV-H2-000547,0,,2712538,2712538,0.65
INV-H2-000549,1,duplicate_invoice_id;wrong_unit_basis;bundle_incorrectly_applied;invoice_amount_mismatch;line_amount_mismatch,2015796,1605618,0.65
INV-H2-000550,0,,812880,812880,0.65
INV-H2-000551,0,,1889477,1889477,0.65
INV-H2-000552,0,,1578679,1578679,0.65
INV-H2-000555,0,,1392220,1392220,0.65
INV-H2-000556,0,,2894291,2894291,0.65
INV-H2-000557,0,,1961598,1961598,0.65
INV-H2-000558,0,,1735900,1735900,0.65
INV-H2-000560,0,,3421995,3421995,0.65
INV-H2-000561,1,malformed_service_date,3182220,3182220,0.65
INV-H2-000562,0,,2208541,2208541,0.65
INV-H2-000564,0,,3032224,3032224,0.65
INV-H2-000565,0,,2938967,2938967,0.65
INV-H2-000568,0,,2556398,2556398,0.65
INV-H2-000569,0,,1295125,1295125,0.65
INV-H2-000570,0,,805834,805834,0.65
INV-H2-000571,0,,1573084,1573084,0.65
INV-H2-000575,0,,1930575,1930575,0.65
INV-H2-000576,0,,1687395,1687395,0.65
INV-H2-000578,0,,1357734,1357734,0.65
INV-H2-000580,0,,2628963,2628963,0.65
INV-H2-000582,0,,3945274,3945274,0.65
INV-H2-000583,0,,3228763,3228763,0.65
INV-H2-000584,0,,806310,806310,0.65
INV-H2-000586,0,,2641526,2641526,0.65
INV-H2-000588,0,,2523334,2523334,0.65
INV-H2-000589,0,,2244155,2244155,0.65
INV-H2-000590,0,,2785543,2785543,0.65
INV-H2-000593,0,,2942192,2942192,0.65
INV-H2-000595,1,daily_cap_exceeded;invoice_amount_mismatch;line_amount_mismatch,4977645,5472120,0.45
INV-H2-000596,0,,2802714,2802714,0.65
INV-H2-000598,0,,2966867,2966867,0.65
INV-H2-000599,0,,2919963,2919963,0.65
INV-H2-000601,0,,1432869,1432869,0.65
INV-H2-000602,0,,2479774,2479774,0.65
INV-H2-000603,0,,1882190,1882190,0.65
INV-H2-000605,0,,2978973,2978973,0.65
INV-H2-000606,0,,1805800,1805800,0.65
INV-H2-000607,1,invoice_amount_mismatch;line_amount_mismatch;unit_price_mismatch,1823964,1817036,0.53
INV-H2-000609,0,,5579682,5579682,0.65
INV-H2-000610,1,bundle_incorrectly_applied;invoice_amount_mismatch;line_amount_mismatch,2512420,2768134,0.53
INV-H2-000613,0,,3596316,3596316,0.65
INV-H2-000614,0,,2472738,2472738,0.65
INV-H2-000615,0,,2524017,2524017,0.65
INV-H2-000616,0,,1191206,1191206,0.65
INV-H2-000619,0,,2581322,2581322,0.65
INV-H2-000620,0,,4885679,4885679,0.65
INV-H2-000621,0,,1124301,1124301,0.65
INV-H2-000622,0,,1882260,1882260,0.65
INV-H2-000624,0,,4022455,4022455,0.65
INV-H2-000625,1,bundle_not_applied;invoice_amount_mismatch;line_amount_mismatch,1349035,1379179,0.53
INV-H2-000626,0,,4145553,4145553,0.65
INV-H2-000628,0,,577005,577005,0.65
INV-H2-000629,0,,2290394,2290394,0.65
INV-H2-000631,0,,3531903,3531903,0.65
INV-H2-000632,0,,6329851,6329851,0.65
INV-H2-000633,0,,1114656,1114656,0.65
INV-H2-000635,0,,1136040,1136040,0.65
INV-H2-000637,0,,1728169,1728169,0.65
INV-H2-000641,0,,2763175,2763175,0.65
INV-H2-000643,0,,2698521,2698521,0.65
INV-H2-000645,0,,2258476,2258476,0.65
INV-H2-000646,0,,4456054,4456054,0.65
INV-H2-000647,0,,2068148,2068148,0.65
INV-H2-000649,0,,1552032,1552032,0.65
INV-H2-000653,0,,1468777,1468777,0.65
INV-H2-000654,0,,1219902,1219902,0.65
INV-H2-000657,0,,2413294,2413294,0.65
INV-H2-000658,0,,3097664,3097664,0.65
INV-H2-000659,0,,2083537,2083537,0.65
INV-H2-000661,1,unknown_service;invoice_total_mismatch,1575124,1600124,0.65
INV-H2-000662,1,service_date_out_of_window;service_date_after_invoice_date;bundle_incorrectly_applied;line_amount_mismatch,2105417,2167344,0.65
INV-H2-000666,0,,1621625,1621625,0.65
INV-H2-000668,0,,3127885,3127885,0.65
INV-H2-000669,0,,1716593,1716593,0.65
INV-H2-000670,0,,2667365,2667365,0.65
INV-H2-000671,0,,3704829,3704829,0.65
INV-H2-000672,0,,3149355,3149355,0.65
INV-H2-000678,0,,4303873,4303873,0.65
INV-H2-000679,0,,2691653,2691653,0.65
INV-H2-000680,0,,3026199,3026199,0.65
INV-H2-000681,0,,3587102,3587102,0.65
INV-H2-000683,0,,3284345,3284345,0.65
INV-H2-000684,1,malformed_service_date,2974777,2974777,0.65
INV-H2-000685,0,,672852,672852,0.65
INV-H2-000687,0,,1489534,1489534,0.65
INV-H2-000688,0,,1207211,1207211,0.65
INV-H2-000689,0,,3909140,3909140,0.65
INV-H2-000690,0,,909493,909493,0.65
INV-H2-000691,0,,4187093,4187093,0.65
INV-H2-000692,0,,821160,821160,0.65
INV-H2-000693,0,,3684794,3684794,0.65
INV-H2-000695,0,,2759671,2759671,0.65
INV-H2-000696,0,,2800843,2800843,0.65
INV-H2-000697,0,,1724951,1724951,0.65
INV-H2-000700,0,,3090573,3090573,0.65
INV-H2-000703,0,,3021465,3021465,0.65
INV-H2-000704,0,,4648419,4648419,0.65
INV-H2-000705,0,,2914273,2914273,0.65
INV-H2-000708,0,,742147,742147,0.65
INV-H2-000709,0,,1259718,1259718,0.65
INV-H2-000710,0,,3941607,3941607,0.65
INV-H2-000711,0,,2541681,2541681,0.65
INV-H2-000712,0,,3060317,3060317,0.65
INV-H2-000714,0,,4240210,4240210,0.65
INV-H2-000717,0,,4142953,4142953,0.65
INV-H2-000718,0,,1785111,1785111,0.65
INV-H2-000719,0,,1128563,1128563,0.65
INV-H2-000720,0,,2814649,2814649,0.65
INV-H2-000722,0,,1106765,1106765,0.65
INV-H2-000723,0,,2758055,2758055,0.65
INV-H2-000724,0,,3191802,3191802,0.65
INV-H2-000725,0,,4558114,4558114,0.65
INV-H2-000732,0,,2977662,2977662,0.65
INV-H2-000733,1,unknown_service,4753896,4753896,0.53
INV-H2-000735,0,,1282225,1282225,0.65
INV-H2-000738,0,,4531429,4531429,0.65
INV-H2-000739,0,,1322520,1322520,0.65
INV-H2-000740,0,,1642075,1642075,0.65
INV-H2-000741,0,,746350,746350,0.65
INV-H2-000743,1,bundle_not_applied;invoice_amount_mismatch;line_amount_mismatch,1895777,1843727,0.53
INV-H2-000744,1,line_total_arithmetic;bundle_incorrectly_applied;invoice_amount_mismatch;line_amount_mismatch,2142767,2170400,0.65
INV-H2-000745,0,,4798801,4798801,0.65
INV-H2-000748,0,,3360182,3360182,0.65
INV-H2-000749,0,,3319651,3319651,0.65
INV-H2-000750,0,,1253747,1253747,0.65
INV-H2-000751,0,,1626705,1626705,0.65
INV-H2-000752,1,malformed_service_date;wrong_unit_basis,1570251,1570251,0.65
INV-H2-000755,0,,5157305,5157305,0.65
INV-H2-000756,0,,3824998,3824998,0.65
INV-H2-000757,0,,1782000,1782000,0.65
INV-H2-000758,0,,3991593,3991593,0.65
INV-H2-000759,0,,1371605,1371605,0.65
INV-H2-000761,0,,2934858,2934858,0.65
INV-H2-000763,0,,1102120,1102120,0.65
INV-H2-000764,0,,1062263,1062263,0.65
INV-H2-000765,0,,1105935,1105935,0.65
INV-H2-000767,0,,2128330,2128330,0.65
INV-H2-000769,0,,1143304,1143304,0.65
INV-H2-000772,0,,2180670,2180670,0.65
INV-H2-000776,0,,1497840,1497840,0.65
INV-H2-000778,0,,2775345,2775345,0.65
INV-H2-000779,0,,797743,797743,0.65
INV-H2-000780,0,,1277900,1277900,0.65
INV-H2-000783,1,service_date_after_invoice_date;unknown_service;wrong_unit_basis,2563422,2563422,0.65
INV-H2-000784,0,,741930,741930,0.65
INV-H2-000788,0,,2383643,2383643,0.65
INV-H2-000792,0,,3692155,3692155,0.65
INV-H2-000794,0,,2921087,2921087,0.65
INV-H2-000796,0,,1983748,1983748,0.65
INV-H2-000797,0,,1773536,1773536,0.65
INV-H2-000798,0,,3954108,3954108,0.65
INV-H2-000799,0,,3386979,3386979,0.65
INV-H2-000800,1,service_date_out_of_window,3262287,3262287,0.65
INV-H2-000803,0,,2794537,2794537,0.65
INV-H2-000805,0,,2101348,2101348,0.65
INV-H2-000807,0,,2639466,2639466,0.65
INV-H2-000808,0,,1851240,1851240,0.65
INV-H2-000810,0,,674737,674737,0.65
INV-H2-000811,0,,1367573,1367573,0.65
INV-H2-000813,0,,1259475,1259475,0.65
INV-H2-000814,0,,3908420,3908420,0.65
INV-H2-000817,0,,3930565,3930565,0.65
INV-H2-000818,1,contract_number_mismatch;exclusion_window_violation;invoice_amount_mismatch;line_amount_mismatch;nonbillable_service;unit_price_mismatch,1540334,1786734,0.65
INV-H2-000823,0,,1616874,1616874,0.65
INV-H2-000825,0,,2774696,2774696,0.65
INV-H2-000826,0,,3270588,3270588,0.65
INV-H2-000829,0,,1296475,1296475,0.65
INV-H2-000830,1,bundle_not_applied;invoice_amount_mismatch;line_amount_mismatch,1890653,1878566,0.53
INV-H2-000831,0,,1961747,1961747,0.65
INV-H2-000832,0,,2144903,2144903,0.65
INV-H2-000834,0,,908205,908205,0.65
INV-H2-000835,1,wrong_unit_basis,814076,814076,0.53
INV-H2-000836,0,,3991765,3991765,0.65
INV-H2-000837,0,,2944435,2944435,0.65
INV-H2-000840,0,,2749531,2749531,0.65
INV-H2-000842,0,,753112,753112,0.65
INV-H2-000843,1,service_date_after_invoice_date;line_total_arithmetic;invoice_amount_mismatch;line_amount_mismatch;unit_price_mismatch,780733,1031048,0.65
INV-H2-000844,1,bundle_incorrectly_applied;daily_cap_exceeded;invoice_amount_mismatch;line_amount_mismatch,2017782,2187312,0.45
INV-H2-000846,0,,2680106,2680106,0.65
INV-H2-000847,0,,1683145,1683145,0.65
INV-H2-000848,0,,2981621,2981621,0.65
INV-H2-000851,0,,2787553,2787553,0.65
INV-H2-000852,1,bundle_not_applied;line_amount_mismatch,3797947,3860247,0.08
INV-H2-000856,0,,3712565,3712565,0.65
INV-H2-000857,0,,1161300,1161300,0.65
INV-H2-000858,0,,1256173,1256173,0.65
INV-H2-000859,0,,2319384,2319384,0.65
INV-H2-000860,0,,881275,881275,0.65
INV-H2-000861,0,,864006,864006,0.65
INV-H2-000862,0,,2616211,2616211,0.65
INV-H2-000865,0,,3562260,3562260,0.65
INV-H2-000866,0,,4666306,4666306,0.65
INV-H2-000867,0,,2488507,2488507,0.65
INV-H2-000868,0,,630595,630595,0.65
INV-H2-000869,0,,3190248,3190248,0.65
INV-H2-000873,0,,1664581,1664581,0.65
INV-H2-000875,0,,2722964,2722964,0.65
INV-H2-000877,0,,3481390,3481390,0.65
INV-H2-000878,0,,2151670,2151670,0.65
INV-H2-000882,0,,1718401,1718401,0.65
INV-H2-000884,0,,2560306,2560306,0.65
INV-H2-000887,1,unknown_service,1055620,1055620,0.53
INV-H2-000889,1,daily_cap_exceeded;line_amount_mismatch,3817154,3971554,0.45
INV-H2-000891,0,,1422344,1422344,0.65
INV-H2-000892,1,cross_invoice_duplicate;unknown_service,2261630,2306705,0.65
INV-H2-000893,0,,1334726,1334726,0.65
INV-H2-000894,0,,2300208,2300208,0.65
INV-H2-000896,0,,1684386,1684386,0.65
INV-H2-000898,0,,1230187,1230187,0.65
INV-H2-000900,1,bundle_incorrectly_applied;bundle_not_applied;line_amount_mismatch,2837941,2996206,0.08
INV-H2-000907,0,,796120,796120,0.65
INV-H2-000908,0,,3840632,3840632,0.65
INV-H2-000909,0,,1115895,1115895,0.65
INV-H2-000910,0,,3941744,3941744,0.65
INV-H2-000911,0,,1279775,1279775,0.65
INV-H2-000914,0,,1607947,1607947,0.65
INV-H2-000916,0,,3841278,3841278,0.65
INV-H2-000917,0,,1849025,1849025,0.65
INV-H2-000921,0,,3728716,3728716,0.65
INV-H2-000922,0,,2658718,2658718,0.65
INV-H2-000923,0,,2188045,2188045,0.65
INV-H2-000924,0,,3217760,3217760,0.65
INV-H2-000925,0,,1861080,1861080,0.65
INV-H2-000928,0,,2278307,2278307,0.65
INV-H2-000929,0,,977554,977554,0.65
INV-H2-000931,0,,2076478,2076478,0.65
INV-H2-000933,0,,750403,750403,0.65
INV-H2-000935,0,,1467418,1467418,0.65
INV-H2-000937,0,,2959847,2959847,0.65
INV-H2-000939,0,,3142154,3142154,0.65
INV-H2-000940,0,,2413189,2413189,0.65
INV-H2-000941,0,,1947890,1947890,0.65
INV-H2-000942,0,,961953,961953,0.65
INV-H2-000944,0,,1246331,1246331,0.65
INV-H2-000945,0,,1641371,1641371,0.65
INV-H2-000946,0,,1772674,1772674,0.65
INV-H2-000949,0,,3418986,3418986,0.65
INV-H2-000950,0,,2030127,2030127,0.65
INV-H2-000951,1,unknown_service;wrong_unit_basis,3584619,3584619,0.53
INV-H2-000953,0,,3157954,3157954,0.65
INV-H2-000955,1,service_date_after_invoice_date;malformed_service_date,1703199,1703199,0.65
INV-H2-000956,0,,1170448,1170448,0.65
INV-H2-000957,0,,3563324,3563324,0.65
INV-H2-000958,0,,1957650,1957650,0.65
INV-H2-000959,0,,1345550,1345550,0.65
INV-H2-000960,0,,1500075,1500075,0.65
INV-H2-000961,0,,1948476,1948476,0.65
INV-H2-000962,0,,3371295,3371295,0.65
INV-H2-000963,0,,2661080,2661080,0.65
INV-H2-000964,0,,2271587,2271587,0.65
INV-H2-000966,0,,1334073,1334073,0.65
INV-H2-000968,0,,1954872,1954872,0.65
INV-H2-000970,0,,3271559,3271559,0.65
INV-H2-000971,0,,3268943,3268943,0.65
INV-H2-000973,0,,2523532,2523532,0.65
INV-H2-000976,0,,4049089,4049089,0.65
INV-H2-000977,0,,3996544,3996544,0.65
INV-H2-000979,0,,825685,825685,0.65
INV-H2-000981,0,,2343368,2343368,0.65
INV-H2-000982,0,,3876361,3876361,0.65
INV-H2-000983,0,,3185533,3185533,0.65
INV-H2-000984,0,,516810,516810,0.65
INV-H2-000986,0,,932430,932430,0.65
INV-H2-000989,1,bundle_not_applied;daily_cap_exceeded;line_amount_mismatch,1954058,2155933,0.08
INV-H2-000992,0,,2344754,2344754,0.65
INV-H2-000993,0,,1695527,1695527,0.65
INV-H2-000994,1,cross_invoice_duplicate;invoice_amount_mismatch,914650,1294275,0.65
INV-H2-000995,0,,2573468,2573468,0.65
INV-H2-000997,0,,1270700,1270700,0.65
INV-H2-000999,0,,4489680,4489680,0.65
INV-H2-001000,0,,3411735,3411735,0.65
INV-H2-001001,0,,2346146,2346146,0.65
INV-H2-001002,0,,1763106,1763106,0.65
INV-H2-001003,0,,379589,379589,0.65
INV-H2-001004,0,,3103865,3103865,0.65
INV-H2-001005,0,,4211904,4211904,0.65
INV-H2-001009,0,,3787504,3787504,0.65
INV-H2-001010,0,,786344,786344,0.65
INV-H2-001012,0,,4107401,4107401,0.65
INV-H2-001014,0,,2527018,2527018,0.65
INV-H2-001015,0,,4880061,4880061,0.65
INV-H2-001017,1,exclusion_window_violation;line_amount_mismatch;nonbillable_service;unit_price_mismatch,3460451,3721701,0.08
INV-H2-001018,0,,3507077,3507077,0.65
INV-H2-001019,0,,3711920,3711920,0.65
INV-H2-001020,0,,4523784,4523784,0.65
INV-H2-001023,0,,1275392,1275392,0.65
INV-H2-001026,0,,702100,702100,0.65
INV-H2-001027,0,,1960235,1960235,0.65
INV-H2-001028,1,wrong_unit_basis;invoice_total_mismatch,134581,159581,0.65
INV-H2-001030,1,wrong_unit_basis;contract_number_mismatch,3561932,3561932,0.65
INV-H2-001031,0,,4387478,4387478,0.65
INV-H2-001036,0,,3410841,3410841,0.65
INV-H2-001037,0,,3753669,3753669,0.65
INV-H2-001038,1,exclusion_window_violation;line_amount_mismatch;nonbillable_service;unit_price_mismatch,1435704,1530398,0.08
INV-H2-001040,0,,964376,964376,0.65
INV-H2-001041,1,line_total_arithmetic;bundle_incorrectly_applied;line_amount_mismatch,3017474,4721224,0.65
INV-H2-001042,0,,1931251,1931251,0.65
INV-H2-001043,0,,3911612,3911612,0.65
INV-H2-001044,1,wrong_unit_basis;contract_number_mismatch,1319234,1319234,0.65
INV-H2-001046,0,,946553,946553,0.65
INV-H2-001047,0,,1526244,1526244,0.65
INV-H2-001048,0,,3651137,3651137,0.65
INV-H2-001049,0,,842398,842398,0.65
INV-H2-001051,0,,3670705,3670705,0.65
INV-H2-001052,0,,3269428,3269428,0.65
INV-H2-001053,0,,4283250,4283250,0.65
INV-H2-001057,0,,1424605,1424605,0.65
INV-H2-001059,0,,700562,700562,0.65
INV-H2-001061,0,,1466298,1466298,0.65
INV-H2-001062,0,,3235647,3235647,0.65
INV-H2-001065,0,,1793805,1793805,0.65
INV-H2-001066,0,,2585711,2585711,0.65
INV-H2-001067,0,,1750640,1750640,0.65
INV-H2-001068,0,,2181943,2181943,0.65
INV-H2-001069,0,,905847,905847,0.65
INV-H2-001070,0,,3531763,3531763,0.65
INV-H2-001071,0,,1853918,1853918,0.65
INV-H2-001072,0,,2431361,2431361,0.65
INV-H2-001073,1,wrong_unit_basis;invoice_total_mismatch;line_amount_mismatch;unit_price_mismatch,3288850,3115140,0.65
INV-H2-001075,0,,1856660,1856660,0.65
INV-H2-001079,0,,3178980,3178980,0.65
INV-H2-001080,0,,3904131,3904131,0.65
INV-H2-001084,0,,1165486,1165486,0.65
INV-H2-001085,0,,2098190,2098190,0.65
INV-H2-001088,0,,2403386,2403386,0.65
INV-H2-001089,0,,3054038,3054038,0.65
INV-H2-001091,0,,2834194,2834194,0.65
INV-H2-001092,0,,1713805,1713805,0.65
INV-H2-001093,0,,3647438,3647438,0.65
INV-H2-001094,0,,185216,185216,0.65
INV-H2-001096,0,,2080320,2080320,0.65
INV-H2-001097,0,,825286,825286,0.65
INV-H2-001099,0,,740475,740475,0.65
INV-H2-001101,0,,1998485,1998485,0.65
INV-H2-001103,0,,2203699,2203699,0.65
INV-H2-001104,0,,1764560,1764560,0.65
INV-H2-001105,0,,1959400,1959400,0.65
INV-H2-001108,0,,1799203,1799203,0.65
INV-H2-001109,1,bundle_incorrectly_applied;bundle_not_applied;line_amount_mismatch;unit_price_mismatch,833533,935389,0.08
INV-H2-001110,0,,1318632,1318632,0.65
INV-H2-001113,0,,1474210,1474210,0.65
INV-H2-001114,0,,2250654,2250654,0.65
INV-H2-001116,0,,1204505,1204505,0.65
INV-H2-001118,0,,1394553,1394553,0.65
INV-H2-001119,0,,897234,897234,0.65
INV-H2-001121,0,,1848810,1848810,0.65
INV-H2-001122,0,,1189092,1189092,0.65
INV-H2-001124,0,,1047455,1047455,0.65
INV-H2-001125,0,,1529979,1529979,0.65
INV-H2-001126,0,,3819014,3819014,0.65
INV-H2-001130,1,wrong_unit_basis;line_amount_mismatch;unit_price_mismatch,3356956,3384668,0.45
INV-H3-000001,0,,3642525,3642525,0.89
INV-H3-000002,0,,2908235,2908235,0.89
INV-H3-000003,0,,4009560,4009560,0.89
INV-H3-000004,0,,4056505,4056505,0.89
INV-H3-000005,0,,5863300,5863300,0.89
INV-H3-000006,1,invoice_total_mismatch,5833766,5808766,0.72
INV-H3-000007,0,,3985625,3985625,0.89
INV-H3-000009,0,,1121650,1121650,0.89
INV-H3-000010,0,,3488955,3488955,0.89
INV-H3-000013,0,,1213100,1213100,0.89
INV-H3-000014,0,,3412575,3412575,0.89
INV-H3-000015,0,,1980335,1980335,0.89
INV-H3-000017,1,malformed_service_date,4700676,4700676,0.72
INV-H3-000018,0,,4492825,4492825,0.89
INV-H3-000019,0,,3964925,3964925,0.89
INV-H3-000020,0,,2359575,2359575,0.89
INV-H3-000021,1,duplicate_invoice_id;contract_number_mismatch;bundle_incorrectly_applied;invoice_amount_mismatch;line_amount_mismatch,2723755,2736005,0.72
INV-H3-000022,0,,1865125,1865125,0.89
INV-H3-000023,0,,4068300,4068300,0.89
INV-H3-000025,0,,3343645,3343645,0.89
INV-H3-000028,0,,1207741,1207741,0.89
INV-H3-000029,1,wrong_unit_basis;bundle_incorrectly_applied;invoice_amount_mismatch;line_amount_mismatch,794425,801990,0.53
INV-H3-000032,0,,3046405,3046405,0.89
INV-H3-000033,0,,2979500,2979500,0.89
INV-H3-000034,0,,2352800,2352800,0.89
INV-H3-000035,0,,3007590,3007590,0.89
INV-H3-000036,0,,3181885,3181885,0.89
INV-H3-000037,0,,1593850,1593850,0.89
INV-H3-000038,1,invoice_total_mismatch,3575097,3550097,0.72
INV-H3-000039,0,,1622500,1622500,0.89
INV-H3-000040,0,,1165154,1165154,0.89
INV-H3-000041,0,,2802550,2802550,0.89
INV-H3-000043,0,,720875,720875,0.89
INV-H3-000044,0,,5049850,5049850,0.89
INV-H3-000045,0,,2978630,2978630,0.89
INV-H3-000046,0,,1238675,1238675,0.89
INV-H3-000047,0,,2054775,2054775,0.89
INV-H3-000048,0,,2452592,2452592,0.89
INV-H3-000050,0,,3788788,3788788,0.89
INV-H3-000053,0,,2824325,2824325,0.89
INV-H3-000054,0,,2050950,2050950,0.89
INV-H3-000055,0,,1356475,1356475,0.89
INV-H3-000056,0,,2316310,2316310,0.89
INV-H3-000057,0,,2522185,2522185,0.89
INV-H3-000058,0,,3176856,3176856,0.89
INV-H3-000059,0,,4533925,4533925,0.89
INV-H3-000060,0,,2186260,2186260,0.89
INV-H3-000061,0,,6342830,6342830,0.89
INV-H3-000063,0,,1608750,1608750,0.89
INV-H3-000064,1,malformed_service_date;bundle_incorrectly_applied;line_amount_mismatch,1534875,1413981,0.72
INV-H3-000065,0,,4144800,4144800,0.89
INV-H3-000066,1,bundle_incorrectly_applied;bundle_not_applied;invoice_amount_mismatch;line_amount_mismatch,1574935,1563198,0.53
INV-H3-000067,1,bundle_incorrectly_applied;daily_cap_exceeded;invoice_amount_mismatch;line_amount_mismatch,2118775,2127583,0.45
INV-H3-000068,0,,3582177,3582177,0.89
INV-H3-000069,0,,1948889,1948889,0.89
INV-H3-000072,0,,2149805,2149805,0.89
INV-H3-000073,0,,5710575,5710575,0.89
INV-H3-000074,0,,2059630,2059630,0.89
INV-H3-000075,0,,1177124,1177124,0.89
INV-H3-000076,0,,2139789,2139789,0.89
INV-H3-000077,0,,2827872,2827872,0.89
INV-H3-000079,0,,2659250,2659250,0.89
INV-H3-000080,0,,3198350,3198350,0.89
INV-H3-000081,0,,2271606,2271606,0.89
INV-H3-000082,0,,5772667,5772667,0.89
INV-H3-000083,0,,3575616,3575616,0.89
INV-H3-000085,1,duplicate_invoice_id,1367319,1367319,0.72
INV-H3-000086,0,,1361098,1361098,0.89
INV-H3-000087,0,,3266259,3266259,0.89
INV-H3-000091,0,,3303970,3303970,0.89
INV-H3-000092,0,,925781,925781,0.89
INV-H3-000093,1,unknown_service;line_total_arithmetic;daily_cap_exceeded;line_amount_mismatch,5276581,6133006,0.45
INV-H3-000095,0,,2789037,2789037,0.89
INV-H3-000096,0,,4412053,4412053,0.89
INV-H3-000097,0,,1000564,1000564,0.89
INV-H3-000099,0,,2625691,2625691,0.89
INV-H3-000100,0,,2109675,2109675,0.89
INV-H3-000102,0,,5255671,5255671,0.89
INV-H3-000103,0,,2296594,2296594,0.89
INV-H3-000105,0,,1192953,1192953,0.89
INV-H3-000106,0,,2634361,2634361,0.89
INV-H3-000107,0,,2584378,2584378,0.89
INV-H3-000110,0,,1684768,1684768,0.89
INV-H3-000111,0,,2383875,2383875,0.89
INV-H3-000112,0,,1742398,1742398,0.89
INV-H3-000113,0,,5731381,5731381,0.89
INV-H3-000114,0,,1192814,1192814,0.89
INV-H3-000115,0,,2667417,2667417,0.89
INV-H3-000116,0,,4073539,4073539,0.89
INV-H3-000117,0,,1089825,1089825,0.89
INV-H3-000118,0,,1748994,1748994,0.89
INV-H3-000119,0,,3946345,3946345,0.89
INV-H3-000120,0,,2310243,2310243,0.89
INV-H3-000121,0,,3402473,3402473,0.89
INV-H3-000122,0,,5179244,5179244,0.89
INV-H3-000123,0,,2039450,2039450,0.89
INV-H3-000124,0,,4141162,4141162,0.89
INV-H3-000125,0,,2340795,2340795,0.89
INV-H3-000126,1,unknown_service,5640439,5640439,0.53
INV-H3-000128,1,contract_number_mismatch,881729,881729,0.72
INV-H3-000129,0,,4240496,4240496,0.89
INV-H3-000130,0,,1372600,1372600,0.89
INV-H3-000131,0,,2896247,2896247,0.89
INV-H3-000132,0,,2052490,2052490,0.89
INV-H3-000133,0,,1012000,1012000,0.89
INV-H3-000136,0,,4579968,4579968,0.89
INV-H3-000139,0,,2278850,2278850,0.89
INV-H3-000140,1,service_date_out_of_window;invoice_total_mismatch;bundle_not_applied;line_amount_mismatch,1699894,1739448,0.72
INV-H3-000141,0,,3488845,3488845,0.89
INV-H3-000143,0,,5464650,5464650,0.89
INV-H3-000145,0,,678827,678827,0.89
INV-H3-000146,0,,1562883,1562883,0.89
INV-H3-000148,1,duplicate_invoice_id;contract_number_mismatch,1367695,1367695,0.72
INV-H3-000149,0,,2077987,2077987,0.89
INV-H3-000150,0,,2849287,2849287,0.89
INV-H3-000151,0,,3755802,3755802,0.89
INV-H3-000152,0,,2359561,2359561,0.89
INV-H3-000153,0,,267839,267839,0.89
INV-H3-000154,0,,1491125,1491125,0.89
INV-H3-000155,0,,3687556,3687556,0.89
INV-H3-000160,0,,3567475,3567475,0.89
INV-H3-000161,0,,2090866,2090866,0.89
INV-H3-000162,0,,715835,715835,0.89
INV-H3-000163,0,,1920810,1920810,0.89
INV-H3-000164,0,,3537602,3537602,0.89
INV-H3-000165,0,,2458930,2458930,0.89
INV-H3-000166,0,,667075,667075,0.89
INV-H3-000167,0,,3634942,3634942,0.89
INV-H3-000168,0,,3306363,3306363,0.89
INV-H3-000170,0,,2347891,2347891,0.89
INV-H3-000171,0,,3861805,3861805,0.89
INV-H3-000174,0,,1545170,1545170,0.89
INV-H3-000176,0,,1326312,1326312,0.89
INV-H3-000178,0,,1664920,1664920,0.89
INV-H3-000179,0,,1627201,1627201,0.89
INV-H3-000180,0,,2072229,2072229,0.89
INV-H3-000182,0,,2506010,2506010,0.89
INV-H3-000183,1,unknown_service,1069831,1069831,0.53
INV-H3-000185,0,,4468402,4468402,0.89
INV-H3-000186,0,,1192225,1192225,0.89
INV-H3-000187,0,,4406200,4406200,0.89
INV-H3-000188,0,,2658062,2658062,0.89
INV-H3-000189,0,,1668701,1668701,0.89
INV-H3-000190,0,,1781390,1781390,0.89
INV-H3-000191,0,,1130450,1130450,0.89
INV-H3-000192,0,,895350,895350,0.89
INV-H3-000193,0,,860651,860651,0.89
INV-H3-000195,0,,5677016,5677016,0.89
INV-H3-000197,0,,3991765,3991765,0.89
INV-H3-000199,0,,3188609,3188609,0.89
INV-H3-000200,0,,3939560,3939560,0.89
INV-H3-000201,0,,3392518,3392518,0.89
INV-H3-000202,0,,4554734,4554734,0.89
INV-H3-000203,0,,4626878,4626878,0.89
INV-H3-000206,0,,967030,967030,0.89
INV-H3-000207,0,,3464947,3464947,0.89
INV-H3-000208,0,,2132220,2132220,0.89
INV-H3-000211,0,,1435800,1435800,0.89
INV-H3-000212,0,,3418255,3418255,0.89
INV-H3-000213,0,,1888375,1888375,0.89
INV-H3-000217,0,,2821690,2821690,0.89
INV-H3-000218,0,,4377877,4377877,0.89
INV-H3-000219,0,,4121103,4121103,0.89
INV-H3-000221,1,service_date_after_invoice_date;bundle_not_applied;line_amount_mismatch,2780850,2882235,0.72
INV-H3-000224,0,,1243799,1243799,0.89
INV-H3-000225,0,,990660,990660,0.89
INV-H3-000226,1,bundle_incorrectly_applied;bundle_not_applied;invoice_amount_mismatch;line_amount_mismatch,2742187,2782237,0.53
INV-H3-000227,0,,4352271,4352271,0.89
INV-H3-000229,0,,4267784,4267784,0.89
INV-H3-000231,0,,4454522,4454522,0.89
INV-H3-000233,0,,2454675,2454675,0.89
INV-H3-000234,0,,1394090,1394090,0.89
INV-H3-000235,0,,1007120,1007120,0.89
INV-H3-000236,1,daily_cap_exceeded;invoice_amount_mismatch;line_amount_mismatch,2423035,3145160,0.45
INV-H3-000237,0,,2095800,2095800,0.89
INV-H3-000238,0,,2090769,2090769,0.89
INV-H3-000239,0,,2210402,2210402,0.89
INV-H3-000241,0,,2422456,2422456,0.89
INV-H3-000242,0,,1954782,1954782,0.89
INV-H3-000243,0,,2866363,2866363,0.89
INV-H3-000244,0,,1227080,1227080,0.89
INV-H3-000246,0,,2031615,2031615,0.89
INV-H3-000247,0,,2467420,2467420,0.89
INV-H3-000248,0,,3758220,3758220,0.89
INV-H3-000249,0,,3239761,3239761,0.89
INV-H3-000250,0,,2330052,2330052,0.89
INV-H3-000252,0,,2668032,2668032,0.89
INV-H3-000253,0,,3078925,3078925,0.89
INV-H3-000254,0,,4473568,4473568,0.89
INV-H3-000255,0,,1758575,1758575,0.89
INV-H3-000256,0,,3038692,3038692,0.89
INV-H3-000257,0,,2063175,2063175,0.89
INV-H3-000258,0,,775102,775102,0.89
INV-H3-000259,0,,2849928,2849928,0.89
INV-H3-000260,0,,1972756,1972756,0.89
INV-H3-000261,0,,2140758,2140758,0.89
INV-H3-000262,1,bundle_incorrectly_applied;invoice_amount_mismatch;line_amount_mismatch,4772051,4801913,0.53
INV-H3-000263,0,,1293748,1293748,0.89
INV-H3-000264,0,,3302277,3302277,0.89
INV-H3-000265,0,,3208663,3208663,0.89
INV-H3-000266,0,,5056653,5056653,0.89
INV-H3-000267,0,,1268756,1268756,0.89
INV-H3-000268,0,,1055840,1055840,0.89
INV-H3-000270,0,,1420122,1420122,0.89
INV-H3-000271,0,,3940067,3940067,0.89
INV-H3-000272,0,,972608,972608,0.89
INV-H3-000273,0,,4077755,4077755,0.89
INV-H3-000274,0,,2246868,2246868,0.89
INV-H3-000275,0,,2336290,2336290,0.89
INV-H3-000276,0,,2575410,2575410,0.89
INV-H3-000277,1,service_date_after_invoice_date;cross_invoice_duplicate;wrong_unit_basis,2641847,2833247,0.72
INV-H3-000278,0,,4185298,4185298,0.89
INV-H3-000279,0,,2675759,2675759,0.89
INV-H3-000280,0,,1482837,1482837,0.89
INV-H3-000281,0,,2087514,2087514,0.89
INV-H3-000282,0,,1465854,1465854,0.89
INV-H3-000283,1,bundle_incorrectly_applied;bundle_not_applied;invoice_amount_mismatch;line_amount_mismatch,3697860,4428835,0.53
INV-H3-000284,1,unknown_service;wrong_unit_basis;line_total_arithmetic;line_amount_mismatch,4985090,4960090,0.72
INV-H3-000285,0,,3738460,3738460,0.89
INV-H3-000286,0,,2583800,2583800,0.89
INV-H3-000287,0,,2856585,2856585,0.89
INV-H3-000289,0,,2079560,2079560,0.89
INV-H3-000290,0,,1305288,1305288,0.89
INV-H3-000291,0,,3600303,3600303,0.89
INV-H3-000292,0,,3120806,3120806,0.89
INV-H3-000293,0,,5029915,5029915,0.89
INV-H3-000294,0,,1846274,1846274,0.89
INV-H3-000295,0,,3321134,3321134,0.89
INV-H3-000297,0,,4008253,4008253,0.89
INV-H3-000298,0,,1280597,1280597,0.89
INV-H3-000299,0,,4663843,4663843,0.89
INV-H3-000301,0,,584765,584765,0.89
INV-H3-000302,0,,2851784,2851784,0.89
INV-H3-000303,0,,2398761,2398761,0.89
INV-H3-000306,0,,2291309,2291309,0.89
INV-H3-000307,0,,2979876,2979876,0.89
INV-H3-000309,0,,1255941,1255941,0.89
INV-H3-000310,0,,3579397,3579397,0.89
INV-H3-000313,0,,1656090,1656090,0.89
INV-H3-000314,0,,2584085,2584085,0.89
INV-H3-000316,0,,2965511,2965511,0.89
INV-H3-000317,0,,1409111,1409111,0.89
INV-H3-000318,0,,2002531,2002531,0.89
INV-H3-000320,0,,3519298,3519298,0.89
INV-H3-000321,0,,809375,809375,0.89
INV-H3-000322,0,,4460091,4460091,0.89
INV-H3-000323,0,,4914608,4914608,0.89
INV-H3-000324,1,duplicate_invoice_id;contract_number_mismatch;bundle_not_applied;invoice_amount_mismatch;line_amount_mismatch,1177521,1266846,0.72
INV-H3-000325,0,,4438825,4438825,0.89
INV-H3-000326,0,,1176004,1176004,0.89
INV-H3-000327,0,,2881395,2881395,0.89
INV-H3-000328,0,,3115283,3115283,0.89
INV-H3-000329,0,,5813300,5813300,0.89
INV-H3-000330,0,,3100873,3100873,0.89
INV-H3-000331,0,,2407428,2407428,0.89
INV-H3-000332,1,malformed_service_date;line_amount_mismatch;unit_price_mismatch,4883960,4925293,0.72
INV-H3-000333,0,,1677524,1677524,0.89
INV-H3-000334,1,duplicate_invoice_id;malformed_service_date,3368965,3368965,0.72
INV-H3-000336,0,,4078379,4078379,0.89
INV-H3-000337,0,,1678515,1678515,0.89
INV-H3-000338,0,,3561443,3561443,0.89
INV-H3-000339,0,,914300,914300,0.89
INV-H3-000340,1,contract_number_mismatch,3870957,3870957,0.72
INV-H3-000341,0,,1351390,1351390,0.89
INV-H3-000343,0,,5494992,5494992,0.89
INV-H3-000344,1,bundle_incorrectly_applied;invoice_amount_mismatch;line_amount_mismatch,3052251,3057951,0.53
INV-H3-000346,0,,2421974,2421974,0.89
INV-H3-000347,1,wrong_unit_basis;bundle_incorrectly_applied;daily_cap_exceeded;invoice_amount_mismatch;line_amount_mismatch,1769483,1822098,0.45
INV-H3-000348,0,,1258643,1258643,0.89
INV-H3-000349,0,,3318030,3318030,0.89
INV-H3-000350,0,,3643337,3643337,0.89
INV-H3-000351,1,malformed_service_date,940257,940257,0.72
INV-H3-000352,1,duplicate_invoice_id,1962471,1962471,0.72
INV-H3-000353,0,,3005067,3005067,0.89
INV-H3-000354,0,,1327549,1327549,0.89
INV-H3-000355,0,,2542679,2542679,0.89
INV-H3-000356,0,,893175,893175,0.89
INV-H3-000357,0,,724170,724170,0.89
INV-H3-000358,0,,2515793,2515793,0.89
INV-H3-000359,0,,1321233,1321233,0.89
INV-H3-000360,0,,1872785,1872785,0.89
INV-H3-000361,0,,680391,680391,0.89
INV-H3-000362,0,,2478315,2478315,0.89
INV-H3-000363,0,,2021865,2021865,0.89
INV-H3-000364,0,,717492,717492,0.89
INV-H3-000365,0,,2076880,2076880,0.89
INV-H3-000366,0,,1721197,1721197,0.89
INV-H3-000367,1,wrong_unit_basis,1226552,1226552,0.53
INV-H3-000368,0,,2454243,2454243,0.89
INV-H3-000369,0,,987804,987804,0.89
INV-H3-000370,0,,1644625,1644625,0.89
INV-H3-000371,1,service_date_out_of_window;service_date_after_invoice_date;wrong_unit_basis;line_total_arithmetic;line_amount_mismatch,657680,757680,0.72
INV-H3-000372,0,,3705794,3705794,0.89
INV-H3-000373,0,,2974080,2974080,0.89
INV-H3-000374,0,,2207638,2207638,0.89
INV-H3-000375,1,line_total_arithmetic;bundle_incorrectly_applied;invoice_amount_mismatch;line_amount_mismatch,3684997,3934697,0.72
INV-H3-000376,0,,2699524,2699524,0.89
INV-H3-000377,0,,1450513,1450513,0.89
INV-H3-000379,0,,3426839,3426839,0.89
INV-H3-000380,0,,2527400,2527400,0.89
INV-H3-000381,1,duplicate_invoice_id;bundle_not_applied;invoice_amount_mismatch;line_amount_mismatch,1794275,1876500,0.72
INV-H3-000382,0,,2422535,2422535,0.89
INV-H3-000383,0,,1443865,1443865,0.89
INV-H3-000384,0,,1841225,1841225,0.89
INV-H3-000385,0,,1162656,1162656,0.89
INV-H3-000386,0,,3538584,3538584,0.89
INV-H3-000387,0,,1167943,1167943,0.89
INV-H3-000388,0,,1485550,1485550,0.89
INV-H3-000390,0,,3011640,3011640,0.89
INV-H3-000391,0,,2317653,2317653,0.89
INV-H3-000393,0,,1479500,1479500,0.89
INV-H3-000394,0,,1354133,1354133,0.89
INV-H3-000395,0,,4059927,4059927,0.89
INV-H3-000396,0,,4882503,4882503,0.89
INV-H3-000398,0,,4307147,4307147,0.89
INV-H3-000401,0,,2289619,2289619,0.89
INV-H3-000402,0,,1030376,1030376,0.89
INV-H3-000403,0,,1723380,1723380,0.89
INV-H3-000405,0,,2754465,2754465,0.89
INV-H3-000406,0,,1330794,1330794,0.89
INV-H3-000407,0,,1651890,1651890,0.89
INV-H3-000408,0,,3571126,3571126,0.89
INV-H3-000409,0,,847213,847213,0.89
INV-H3-000410,0,,2640415,2640415,0.89
INV-H3-000411,0,,2285301,2285301,0.89
INV-H3-000414,0,,2582215,2582215,0.89
INV-H3-000415,0,,2317974,2317974,0.89
INV-H3-000418,0,,2477993,2477993,0.89
INV-H3-000419,0,,4102600,4102600,0.89
INV-H3-000420,0,,3515258,3515258,0.89
INV-H3-000422,0,,2027914,2027914,0.89
INV-H3-000423,0,,5380751,5380751,0.89
INV-H3-000424,0,,1658950,1658950,0.89
INV-H3-000425,1,wrong_unit_basis,2704525,2704525,0.53
INV-H3-000427,1,bundle_not_applied;daily_cap_exceeded;line_amount_mismatch,3452004,3691222,0.45
INV-H3-000431,0,,2216726,2216726,0.89
INV-H3-000434,0,,2688649,2688649,0.89
INV-H3-000436,0,,2701125,2701125,0.89
INV-H3-000437,0,,2947453,2947453,0.89
INV-H3-000438,0,,1846603,1846603,0.89
INV-H3-000440,0,,1837069,1837069,0.89
INV-H3-000441,0,,1325956,1325956,0.89
INV-H3-000442,0,,3988025,3988025,0.89
INV-H3-000445,0,,1187550,1187550,0.89
INV-H3-000446,0,,3993475,3993475,0.89
INV-H3-000448,0,,4355694,4355694,0.89
INV-H3-000450,1,bundle_not_applied;line_amount_mismatch,4030026,4008686,0.45
INV-H3-000452,0,,3479088,3479088,0.89
INV-H3-000454,0,,1592850,1592850,0.89
INV-H3-000457,0,,4279312,4279312,0.89
INV-H3-000458,0,,2222984,2222984,0.89
INV-H3-000460,0,,3160198,3160198,0.89
INV-H3-000461,0,,5519752,5519752,0.89
INV-H3-000462,0,,1439683,1439683,0.89
INV-H3-000463,0,,3219053,3219053,0.89
INV-H3-000466,0,,2459354,2459354,0.89
INV-H3-000467,0,,1703992,1703992,0.89
INV-H3-000468,0,,5886647,5886647,0.89
INV-H3-000470,0,,1300815,1300815,0.89
INV-H3-000472,0,,5596705,5596705,0.89
INV-H3-000473,0,,3656652,3656652,0.89
INV-H3-000474,0,,2078701,2078701,0.89
INV-H3-000475,0,,2980293,2980293,0.89
INV-H3-000476,0,,3087010,3087010,0.89
INV-H3-000477,0,,2486155,2486155,0.89
INV-H3-000478,0,,1588911,1588911,0.89
INV-H3-000480,0,,1405764,1405764,0.89
INV-H3-000481,0,,3132194,3132194,0.89
INV-H3-000483,0,,3628363,3628363,0.89
INV-H3-000484,0,,2857716,2857716,0.89
INV-H3-000485,0,,3810575,3810575,0.89
INV-H3-000486,0,,3549214,3549214,0.89
INV-H3-000487,0,,1542510,1542510,0.89
INV-H3-000488,0,,1587190,1587190,0.89
INV-H3-000489,0,,4410294,4410294,0.89
INV-H3-000490,0,,4635311,4635311,0.89
INV-H3-000491,0,,3031146,3031146,0.89
INV-H3-000492,0,,3939718,3939718,0.89
INV-H3-000493,0,,2162917,2162917,0.89
INV-H3-000494,0,,4625479,4625479,0.89
INV-H3-000496,0,,1460292,1460292,0.89
INV-H3-000500,0,,1543999,1543999,0.89
INV-H3-000502,0,,2890857,2890857,0.89
INV-H3-000503,0,,1983675,1983675,0.89
INV-H3-000504,0,,1571425,1571425,0.89
INV-H3-000505,0,,2146935,2146935,0.89
INV-H3-000507,0,,2111931,2111931,0.89
INV-H3-000508,0,,5882488,5882488,0.89
INV-H3-000509,0,,1606500,1606500,0.89
INV-H3-000510,0,,3190771,3190771,0.89
INV-H3-000511,1,service_date_after_invoice_date,3275914,3275914,0.72
INV-H3-000512,0,,3022326,3022326,0.89
INV-H3-000513,0,,1009369,1009369,0.89
INV-H3-000514,0,,1052504,1052504,0.89
INV-H3-000515,0,,3852464,3852464,0.89
INV-H3-000516,1,bundle_incorrectly_applied;invoice_amount_mismatch;line_amount_mismatch;unit_price_mismatch,2585662,2630209,0.53
INV-H3-000517,0,,3916004,3916004,0.89
INV-H3-000518,0,,962297,962297,0.89
INV-H3-000519,1,service_date_after_invoice_date;unknown_service;wrong_unit_basis,5156320,5156320,0.72
INV-H3-000522,0,,1646077,1646077,0.89
INV-H3-000523,0,,5465371,5465371,0.89
INV-H3-000524,0,,3069495,3069495,0.89
INV-H3-000525,0,,2813784,2813784,0.89
INV-H3-000526,0,,2351240,2351240,0.89
INV-H3-000527,0,,4451577,4451577,0.89
INV-H3-000528,1,wrong_unit_basis;bundle_not_applied;invoice_amount_mismatch;line_amount_mismatch,5392755,5335500,0.53
INV-H3-000529,0,,5138061,5138061,0.89
INV-H3-000531,0,,1349824,1349824,0.89
INV-H3-000532,0,,2162095,2162095,0.89
INV-H3-000533,0,,3120689,3120689,0.89
INV-H3-000534,0,,2294208,2294208,0.89
INV-H3-000535,0,,1661983,1661983,0.89
INV-H3-000537,0,,5535363,5535363,0.89
INV-H3-000538,0,,3761135,3761135,0.89
INV-H3-000540,0,,5031053,5031053,0.89
INV-H3-000541,0,,5042950,5042950,0.89
INV-H3-000543,0,,4273409,4273409,0.89
INV-H3-000544,0,,1496585,1496585,0.89
INV-H3-000545,0,,1992091,1992091,0.89
INV-H3-000546,0,,4199469,4199469,0.89
INV-H3-000547,0,,1793479,1793479,0.89
INV-H3-000548,0,,3780600,3780600,0.89
INV-H3-000549,0,,632222,632222,0.89
INV-H3-000550,0,,2112615,2112615,0.89
INV-H3-000552,0,,2129160,2129160,0.89
INV-H3-000554,0,,896743,896743,0.89
INV-H3-000556,0,,3215828,3215828,0.89
INV-H3-000557,0,,946635,946635,0.89
INV-H3-000558,0,,2223251,2223251,0.89
INV-H3-000559,0,,1222949,1222949,0.89
INV-H3-000560,0,,1914351,1914351,0.89
INV-H3-000562,0,,1326928,1326928,0.89
INV-H3-000563,0,,1630315,1630315,0.89
INV-H3-000565,1,unknown_service;daily_cap_exceeded;line_amount_mismatch;unit_price_mismatch,1497352,1543378,0.45
INV-H3-000567,0,,4725194,4725194,0.89
INV-H3-000568,0,,3255149,3255149,0.89
INV-H3-000569,0,,3211128,3211128,0.89
INV-H3-000570,0,,3537739,3537739,0.89
INV-H3-000573,0,,1617505,1617505,0.89
INV-H3-000574,0,,3886102,3886102,0.89
INV-H3-000575,0,,2133408,2133408,0.89
INV-H3-000576,0,,4165113,4165113,0.89
INV-H3-000577,0,,2116580,2116580,0.89
INV-H3-000578,0,,2599242,2599242,0.89
INV-H3-000579,0,,1735230,1735230,0.89
INV-H3-000580,0,,3746399,3746399,0.89
INV-H3-000582,0,,2791270,2791270,0.89
INV-H3-000583,0,,2040792,2040792,0.89
INV-H3-000584,0,,2568524,2568524,0.89
INV-H3-000586,0,,1714262,1714262,0.89
INV-H3-000589,0,,1413600,1413600,0.89
INV-H3-000590,0,,1062716,1062716,0.89
INV-H3-000591,0,,2326614,2326614,0.89
INV-H3-000592,0,,2351950,2351950,0.89
INV-H3-000593,0,,2946528,2946528,0.89
INV-H3-000594,0,,2622423,2622423,0.89
INV-H3-000596,1,invoice_total_mismatch;bundle_incorrectly_applied;line_amount_mismatch,1221425,1353425,0.72
INV-H3-000597,0,,2763642,2763642,0.89
INV-H3-000599,0,,3952368,3952368,0.89
INV-H3-000600,1,bundle_incorrectly_applied;line_amount_mismatch,1172088,1181936,0.45
INV-H3-000602,0,,2903585,2903585,0.89
INV-H3-000604,0,,1460397,1460397,0.89
INV-H3-000606,0,,1715630,1715630,0.89
INV-H3-000608,0,,4687781,4687781,0.89
INV-H3-000609,0,,3958061,3958061,0.89
INV-H3-000612,0,,2605415,2605415,0.89
INV-H3-000613,0,,3899556,3899556,0.89
INV-H3-000614,0,,3531410,3531410,0.89
INV-H3-000616,0,,2455618,2455618,0.89
INV-H3-000617,0,,1986075,1986075,0.89
INV-H3-000618,0,,2526045,2526045,0.89
INV-H3-000619,1,cross_invoice_duplicate;unknown_service;daily_cap_exceeded;line_amount_mismatch,2958424,3116724,0.45
INV-H3-000620,0,,1673940,1673940,0.89
INV-H3-000621,0,,2670404,2670404,0.89
INV-H3-000622,0,,668775,668775,0.89
INV-H3-000623,0,,1904016,1904016,0.89
INV-H3-000624,0,,3025727,3025727,0.89
INV-H3-000626,0,,722107,722107,0.89
INV-H3-000627,0,,4290205,4290205,0.89
INV-H3-000629,0,,2215821,2215821,0.89
INV-H3-000630,0,,2472360,2472360,0.89
INV-H3-000631,0,,2339462,2339462,0.89
INV-H3-000632,0,,2624830,2624830,0.89
INV-H3-000633,0,,1510337,1510337,0.89
INV-H3-000634,0,,2123742,2123742,0.89
INV-H3-000636,0,,1955525,1955525,0.89
INV-H3-000637,0,,3055685,3055685,0.89
INV-H3-000638,0,,2890956,2890956,0.89
INV-H3-000639,0,,2652090,2652090,0.89
INV-H3-000640,0,,1302601,1302601,0.89
INV-H3-000641,0,,1674515,1674515,0.89
INV-H3-000642,0,,995375,995375,0.89
INV-H3-000644,0,,3316764,3316764,0.89
INV-H3-000645,0,,4570371,4570371,0.89
INV-H3-000646,0,,1914630,1914630,0.89
INV-H3-000647,0,,3947500,3947500,0.89
INV-H3-000648,0,,5192171,5192171,0.89
INV-H3-000649,0,,3415809,3415809,0.89
INV-H3-000650,0,,2499927,2499927,0.89
INV-H3-000651,0,,1936547,1936547,0.89
INV-H3-000654,0,,5481069,5481069,0.89
INV-H3-000655,0,,3114597,3114597,0.89
INV-H3-000656,0,,1487115,1487115,0.89
INV-H3-000657,0,,672625,672625,0.89
INV-H3-000658,0,,1482129,1482129,0.89
INV-H3-000659,1,line_total_arithmetic;invoice_amount_mismatch;line_amount_mismatch,3719703,3694703,0.72
INV-H3-000660,0,,4491167,4491167,0.89
INV-H3-000661,0,,880809,880809,0.89
INV-H3-000662,0,,3525056,3525056,0.89
INV-H3-000664,0,,566596,566596,0.89
INV-H3-000666,0,,1446606,1446606,0.89
INV-H3-000667,0,,3092945,3092945,0.89
INV-H3-000668,0,,3587878,3587878,0.89
INV-H3-000669,0,,514363,514363,0.89
INV-H3-000670,0,,5265208,5265208,0.89
INV-H3-000672,0,,995793,995793,0.89
INV-H3-000673,0,,4225099,4225099,0.89
INV-H3-000674,0,,3398905,3398905,0.89
INV-H3-000675,0,,3301921,3301921,0.89
INV-H3-000676,1,bundle_not_applied;invoice_amount_mismatch;line_amount_mismatch,3815132,3978332,0.53
INV-H3-000677,0,,1947461,1947461,0.89
INV-H3-000678,0,,3242274,3242274,0.89
INV-H3-000681,1,service_date_out_of_window;wrong_unit_basis;line_total_arithmetic;line_amount_mismatch,2157554,2132554,0.72
INV-H3-000682,0,,1879175,1879175,0.89
INV-H3-000683,0,,4193370,4193370,0.89
INV-H3-000684,0,,3962076,3962076,0.89
INV-H3-000686,0,,1507477,1507477,0.89
INV-H3-000687,1,unknown_service;bundle_incorrectly_applied;line_amount_mismatch,4513011,4845729,0.53
INV-H3-000688,0,,1626005,1626005,0.89
INV-H3-000690,0,,4065707,4065707,0.89
INV-H3-000691,0,,4897794,4897794,0.89
INV-H3-000693,0,,2568521,2568521,0.89
INV-H3-000694,0,,3730941,3730941,0.89
INV-H3-000695,0,,4156121,4156121,0.89
INV-H3-000696,0,,3157541,3157541,0.89
INV-H3-000697,0,,4006602,4006602,0.89
INV-H3-000699,0,,1467283,1467283,0.89
INV-H3-000700,0,,4189369,4189369,0.89
INV-H3-000701,0,,1027208,1027208,0.89
INV-H3-000702,0,,3242872,3242872,0.89
INV-H3-000703,0,,3295775,3295775,0.89
INV-H3-000705,0,,831530,831530,0.89
INV-H3-000706,1,wrong_unit_basis;bundle_incorrectly_applied;invoice_amount_mismatch;line_amount_mismatch,5093986,5393761,0.53
INV-H3-000707,0,,1488925,1488925,0.89
INV-H3-000710,0,,2337448,2337448,0.89
INV-H3-000712,0,,5427346,5427346,0.89
INV-H3-000713,0,,516575,516575,0.89
INV-H3-000714,0,,2417803,2417803,0.89
INV-H3-000715,0,,2589505,2589505,0.89
INV-H3-000716,1,bundle_incorrectly_applied;invoice_amount_mismatch;line_amount_mismatch,1446155,1461455,0.53
INV-H3-000717,1,bundle_incorrectly_applied;invoice_amount_mismatch;line_amount_mismatch,4131789,4154396,0.53
INV-H3-000718,0,,3895001,3895001,0.89
INV-H3-000719,0,,1412244,1412244,0.89
INV-H3-000720,0,,2304088,2304088,0.89
INV-H3-000721,0,,4519168,4519168,0.89
INV-H3-000722,0,,2691831,2691831,0.89
INV-H3-000724,0,,2629947,2629947,0.89
INV-H3-000725,0,,2153261,2153261,0.89
INV-H3-000727,0,,2743756,2743756,0.89
INV-H3-000728,0,,3578751,3578751,0.89
INV-H3-000730,0,,4427478,4427478,0.89
INV-H3-000731,0,,1111588,1111588,0.89
INV-H3-000733,0,,3593776,3593776,0.89
INV-H3-000735,0,,3087663,3087663,0.89
INV-H3-000736,0,,3137830,3137830,0.89
INV-H3-000737,0,,3064153,3064153,0.89
INV-H3-000738,0,,2919602,2919602,0.89
INV-H3-000739,0,,4242242,4242242,0.89
INV-H3-000740,0,,602853,602853,0.89
INV-H3-000741,0,,2915819,2915819,0.89
INV-H3-000742,0,,3466104,3466104,0.89
INV-H3-000743,0,,3790418,3790418,0.89
INV-H3-000744,0,,4264192,4264192,0.89
INV-H3-000746,0,,381317,381317,0.89
INV-H3-000748,0,,1554665,1554665,0.89
INV-H3-000749,1,service_date_out_of_window;service_date_after_invoice_date;bundle_incorrectly_applied;bundle_not_applied;line_amount_mismatch,2628281,3780850,0.72
INV-H3-000750,0,,4599898,4599898,0.89
INV-H3-000751,0,,5760591,5760591,0.89
INV-H3-000753,0,,3093941,3093941,0.89
INV-H3-000754,0,,1819057,1819057,0.89
INV-H3-000755,0,,3156586,3156586,0.89
INV-H3-000756,0,,2393158,2393158,0.89
INV-H3-000758,0,,5260560,5260560,0.89
INV-H3-000759,0,,2342309,2342309,0.89
INV-H3-000760,0,,724790,724790,0.89
INV-H3-000761,0,,4257105,4257105,0.89
INV-H3-000762,0,,3759713,3759713,0.89
INV-H3-000763,0,,930293,930293,0.89
INV-H3-000764,0,,3031701,3031701,0.89
INV-H3-000765,0,,1784079,1784079,0.89
INV-H3-000768,0,,2840599,2840599,0.89
INV-H3-000769,0,,881425,881425,0.89
INV-H3-000770,0,,618253,618253,0.89
INV-H3-000771,0,,3494704,3494704,0.89
INV-H3-000772,0,,3024830,3024830,0.89
INV-H3-000773,0,,4715934,4715934,0.89
INV-H3-000774,0,,1183376,1183376,0.89
INV-H3-000775,0,,3676865,3676865,0.89
INV-H3-000777,0,,6149897,6149897,0.89
INV-H3-000778,0,,2455565,2455565,0.89
INV-H3-000780,0,,2384030,2384030,0.89
INV-H3-000781,1,unknown_service;wrong_unit_basis;contract_number_mismatch,2969025,2969025,0.72
INV-H3-000782,1,service_date_after_invoice_date,4628823,4628823,0.72
INV-H3-000783,0,,2018521,2018521,0.89
INV-H3-000785,1,unknown_service,2366751,2366751,0.53
INV-H3-000786,0,,2554654,2554654,0.89
INV-H3-000787,1,service_date_after_invoice_date,4234549,4234549,0.72
INV-H3-000788,1,bundle_not_applied;invoice_amount_mismatch;line_amount_mismatch,3319912,3407112,0.53
INV-H3-000789,1,line_total_arithmetic;line_amount_mismatch;unit_price_mismatch,1855125,1888897,0.72
INV-H3-000790,0,,2284197,2284197,0.89
INV-H3-000792,0,,873775,873775,0.89
INV-H3-000793,0,,2536612,2536612,0.89
INV-H3-000794,1,unknown_service;invoice_total_mismatch;bundle_not_applied;line_amount_mismatch,1351814,1424664,0.72
INV-H3-000795,0,,2317885,2317885,0.89
INV-H3-000797,0,,967300,967300,0.89
INV-H3-000798,0,,2932721,2932721,0.89
INV-H3-000800,0,,5046666,5046666,0.89
INV-H3-000801,0,,3379755,3379755,0.89
INV-H3-000802,0,,760223,760223,0.89
INV-H3-000803,0,,3222887,3222887,0.89
INV-H3-000806,0,,3278600,3278600,0.89
INV-H3-000807,0,,1858924,1858924,0.89
INV-H3-000808,0,,1261397,1261397,0.89
INV-H3-000810,0,,630689,630689,0.89
INV-H3-000811,0,,1836130,1836130,0.89
INV-H3-000812,0,,1244190,1244190,0.89
INV-H3-000813,0,,3923990,3923990,0.89
INV-H3-000814,0,,3200185,3200185,0.89
INV-H3-000816,1,invoice_total_mismatch,2622469,2623469,0.72
INV-H3-000817,1,bundle_not_applied;invoice_amount_mismatch;line_amount_mismatch,3404015,3315287,0.53
INV-H3-000818,0,,5275580,5275580,0.89
INV-H3-000819,0,,2291285,2291285,0.89
INV-H3-000820,0,,1426437,1426437,0.89
INV-H3-000821,0,,2767982,2767982,0.89
INV-H3-000823,0,,1198551,1198551,0.89
INV-H3-000825,0,,1304445,1304445,0.89
INV-H3-000826,0,,3377308,3377308,0.89
INV-H3-000827,0,,3548057,3548057,0.89
INV-H3-000829,0,,1971132,1971132,0.89
INV-H3-000830,0,,5252450,5252450,0.89
INV-H3-000831,0,,1894994,1894994,0.89
INV-H3-000832,0,,2325283,2325283,0.89
INV-H3-000834,1,service_date_out_of_window;bundle_incorrectly_applied;line_amount_mismatch,3340474,3370659,0.72
INV-H3-000835,0,,3258589,3258589,0.89
INV-H3-000837,1,malformed_service_date;wrong_unit_basis,932171,932171,0.72
INV-H3-000838,0,,1182311,1182311,0.89
INV-H3-000841,0,,2222152,2222152,0.89
INV-H3-000842,1,service_date_out_of_window;cross_invoice_duplicate;bundle_not_applied;line_amount_mismatch,1872411,2783025,0.72
INV-H3-000843,0,,1235319,1235319,0.89
INV-H3-000844,0,,3364487,3364487,0.89
INV-H3-000845,0,,2708497,2708497,0.89
INV-H3-000846,0,,4669641,4669641,0.89
INV-H3-000848,0,,4710941,4710941,0.89
INV-H3-000849,0,,2600044,2600044,0.89
INV-H3-000850,0,,5026295,5026295,0.89
INV-H3-000851,0,,3261972,3261972,0.89
INV-H3-000852,0,,2188525,2188525,0.89
INV-H3-000853,0,,750465,750465,0.89
INV-H3-000854,0,,1300618,1300618,0.89
INV-H3-000856,0,,4388325,4388325,0.89
INV-H3-000858,0,,4117434,4117434,0.89
INV-H3-000859,0,,929398,929398,0.89
INV-H3-000860,0,,1550156,1550156,0.89
INV-H3-000861,0,,2950086,2950086,0.89
INV-H3-000863,0,,657175,657175,0.89
INV-H3-000865,0,,2180620,2180620,0.89
INV-H3-000866,0,,2501760,2501760,0.89
INV-H3-000867,0,,3723227,3723227,0.89
INV-H3-000868,0,,3319399,3319399,0.89
INV-H3-000871,0,,3470455,3470455,0.89
INV-H3-000872,0,,5207506,5207506,0.89
INV-H3-000873,0,,4007328,4007328,0.89
INV-H3-000874,0,,3229314,3229314,0.89
INV-H3-000875,0,,3748325,3748325,0.89
INV-H3-000876,0,,3476986,3476986,0.89
INV-H3-000878,0,,3762504,3762504,0.89
INV-H3-000879,1,service_date_out_of_window;service_date_after_invoice_date,3718750,3718750,0.72
INV-H3-000880,0,,2894238,2894238,0.89
INV-H3-000881,0,,1632800,1632800,0.89
INV-H3-000882,0,,1770462,1770462,0.89
INV-H3-000883,0,,1765247,1765247,0.89
INV-H3-000884,0,,3148530,3148530,0.89
INV-H3-000885,0,,2107517,2107517,0.89
INV-H3-000888,0,,813251,813251,0.89
INV-H3-000889,0,,1053370,1053370,0.89
INV-H3-000891,0,,3024155,3024155,0.89
INV-H3-000892,0,,1009674,1009674,0.89
INV-H3-000893,0,,3387265,3387265,0.89
INV-H3-000894,0,,2610416,2610416,0.89
INV-H3-000895,0,,1329656,1329656,0.89
INV-H3-000896,0,,2155380,2155380,0.89
INV-H3-000897,0,,2833994,2833994,0.89
INV-H3-000898,0,,3808756,3808756,0.89
INV-H3-000899,0,,1543629,1543629,0.89
INV-H3-000900,0,,2769562,2769562,0.89
INV-H3-000901,0,,2043225,2043225,0.89
INV-H3-000902,0,,1562901,1562901,0.89
INV-H3-000903,0,,2067395,2067395,0.89
INV-H3-000904,0,,2428975,2428975,0.89
INV-H3-000905,0,,3125341,3125341,0.89
INV-H3-000906,0,,4013496,4013496,0.89
INV-H3-000907,0,,951492,951492,0.89
INV-H3-000908,0,,3555714,3555714,0.89
INV-H3-000909,0,,922816,922816,0.89
INV-H3-000910,0,,2491406,2491406,0.89
INV-H3-000911,0,,3501125,3501125,0.89
INV-H3-000912,0,,2291674,2291674,0.89
INV-H3-000913,0,,2594630,2594630,0.89
INV-H3-000915,0,,2276481,2276481,0.89
INV-H3-000920,0,,3225018,3225018,0.89
INV-H3-000922,0,,4305802,4305802,0.89
INV-H3-000923,0,,2013042,2013042,0.89
INV-H3-000925,1,wrong_unit_basis;bundle_incorrectly_applied;bundle_not_applied;invoice_amount_mismatch;line_amount_mismatch,4324229,4378954,0.53
INV-H3-000928,0,,4661382,4661382,0.89
INV-H3-000929,0,,1543690,1543690,0.89
INV-H3-000930,0,,2183668,2183668,0.89
INV-H3-000931,0,,876385,876385,0.89
INV-H3-000932,0,,2288377,2288377,0.89
INV-H3-000933,0,,1504813,1504813,0.89
INV-H3-000934,1,service_date_after_invoice_date;unknown_service,887050,887050,0.72
INV-H3-000935,1,malformed_service_date;cross_invoice_duplicate;unknown_service,4087841,4316041,0.72
INV-H3-000938,0,,3317874,3317874,0.89
INV-H4-000001,0,,1684325,1684325,0.89
INV-H4-000003,1,wrong_unit_basis,2990225,2990225,0.53
INV-H4-000004,0,,4541425,4541425,0.89
INV-H4-000005,0,,1061450,1061450,0.89
INV-H4-000006,1,invoice_total_mismatch,641175,640175,0.72
INV-H4-000008,1,service_date_after_invoice_date;bundle_incorrectly_applied;line_amount_mismatch,3259925,3525273,0.72
INV-H4-000009,0,,3544989,3544989,0.89
INV-H4-000010,0,,4801591,4801591,0.89
INV-H4-000011,0,,2887300,2887300,0.89
INV-H4-000013,0,,2946850,2946850,0.89
INV-H4-000014,0,,2658825,2658825,0.89
INV-H4-000015,0,,3635025,3635025,0.89
INV-H4-000016,0,,3234050,3234050,0.89
INV-H4-000017,1,line_total_arithmetic;invoice_amount_mismatch;line_amount_mismatch,4964975,4939975,0.72
INV-H4-000019,0,,1312175,1312175,0.89
INV-H4-000021,0,,2524150,2524150,0.89
INV-H4-000022,0,,2760525,2760525,0.89
INV-H4-000024,0,,1381558,1381558,0.89
INV-H4-000025,0,,729989,729989,0.89
INV-H4-000026,0,,3085997,3085997,0.89
INV-H4-000028,0,,1136750,1136750,0.89
INV-H4-000029,0,,819175,819175,0.89
INV-H4-000030,0,,1854450,1854450,0.89
INV-H4-000033,0,,3745725,3745725,0.89
INV-H4-000034,0,,3938675,3938675,0.89
INV-H4-000035,0,,4272200,4272200,0.89
INV-H4-000037,0,,4330300,4330300,0.89
INV-H4-000038,0,,2275900,2275900,0.89
INV-H4-000039,0,,3695050,3695050,0.89
INV-H4-000040,0,,4906925,4906925,0.89
INV-H4-000041,0,,2268000,2268000,0.89
INV-H4-000043,0,,1803400,1803400,0.89
INV-H4-000044,0,,2826210,2826210,0.89
INV-H4-000045,0,,2151575,2151575,0.89
INV-H4-000046,0,,2192275,2192275,0.89
INV-H4-000049,0,,2746450,2746450,0.89
INV-H4-000050,0,,3023285,3023285,0.89
INV-H4-000051,0,,4283425,4283425,0.89
INV-H4-000053,1,unknown_service;wrong_unit_basis,3818450,3818450,0.53
INV-H4-000054,0,,1927440,1927440,0.89
INV-H4-000055,0,,3426725,3426725,0.89
INV-H4-000056,0,,1540100,1540100,0.89
INV-H4-000057,0,,3328750,3328750,0.89
INV-H4-000058,0,,1646025,1646025,0.89
INV-H4-000059,0,,822175,822175,0.89
INV-H4-000061,0,,1590875,1590875,0.89
INV-H4-000064,0,,1531425,1531425,0.89
INV-H4-000065,0,,540310,540310,0.89
INV-H4-000068,0,,1482320,1482320,0.89
INV-H4-000071,0,,1617900,1617900,0.89
INV-H4-000072,0,,1932625,1932625,0.89
INV-H4-000073,1,duplicate_invoice_id,1732300,1732300,0.72
INV-H4-000074,1,bundle_incorrectly_applied;invoice_amount_mismatch;line_amount_mismatch,3253770,3497250,0.53
INV-H4-000075,0,,2816942,2816942,0.89
INV-H4-000076,0,,1949250,1949250,0.89
INV-H4-000077,0,,2865381,2865381,0.89
INV-H4-000079,1,service_date_out_of_window;duplicate_invoice_id;service_date_after_invoice_date,1486726,1486726,0.72
INV-H4-000080,0,,3508000,3508000,0.89
INV-H4-000081,0,,3437800,3437800,0.89
INV-H4-000083,0,,3067400,3067400,0.89
INV-H4-000085,0,,3151125,3151125,0.89
INV-H4-000086,0,,1398675,1398675,0.89
INV-H4-000087,0,,3411011,3411011,0.89
INV-H4-000089,0,,1592319,1592319,0.89
INV-H4-000090,0,,1209350,1209350,0.89
INV-H4-000092,0,,3900715,3900715,0.89
INV-H4-000093,0,,2654600,2654600,0.89
INV-H4-000094,0,,2378395,2378395,0.89
INV-H4-000095,1,wrong_unit_basis;line_total_arithmetic;invoice_amount_mismatch;line_amount_mismatch,1804850,1797350,0.72
INV-H4-000096,0,,2712075,2712075,0.89
INV-H4-000097,0,,2515900,2515900,0.89
INV-H4-000098,0,,2846400,2846400,0.89
INV-H4-000099,0,,3632444,3632444,0.89
INV-H4-000100,0,,1400750,1400750,0.89
INV-H4-000102,0,,1967575,1967575,0.89
INV-H4-000104,1,contract_number_mismatch,763938,763938,0.72
INV-H4-000105,1,service_date_after_invoice_date;bundle_not_applied;line_amount_mismatch,1384350,1369450,0.72
INV-H4-000106,0,,1241425,1241425,0.89
INV-H4-000108,0,,1704800,1704800,0.89
INV-H4-000109,0,,4800150,4800150,0.89
INV-H4-000110,0,,1614575,1614575,0.89
INV-H4-000111,0,,3388731,3388731,0.89
INV-H4-000116,0,,3422822,3422822,0.89
INV-H4-000117,0,,1002076,1002076,0.89
INV-H4-000118,0,,3885968,3885968,0.89
INV-H4-000119,0,,1533750,1533750,0.89
INV-H4-000121,1,service_date_after_invoice_date,1732875,1732875,0.72
INV-H4-000122,0,,2184175,2184175,0.89
INV-H4-000125,1,unknown_service,2398750,2398750,0.53
INV-H4-000126,0,,1198500,1198500,0.89
INV-H4-000127,0,,4277050,4277050,0.89
INV-H4-000128,0,,2878080,2878080,0.89
INV-H4-000129,0,,2475375,2475375,0.89
INV-H4-000130,0,,1120375,1120375,0.89
INV-H4-000131,0,,2284750,2284750,0.89
INV-H4-000132,0,,2168372,2168372,0.89
INV-H4-000133,0,,1665300,1665300,0.89
INV-H4-000134,0,,1879100,1879100,0.89
INV-H4-000135,0,,2150499,2150499,0.89
INV-H4-000136,0,,1312475,1312475,0.89
INV-H4-000137,0,,1185400,1185400,0.89
INV-H4-000138,0,,408732,408732,0.89
INV-H4-000139,0,,3165685,3165685,0.89
INV-H4-000140,0,,2104082,2104082,0.89
INV-H4-000141,0,,2871700,2871700,0.89
INV-H4-000144,1,unknown_service;contract_number_mismatch;bundle_incorrectly_applied;line_amount_mismatch,3088113,3105319,0.72
INV-H4-000145,0,,3600775,3600775,0.89
INV-H4-000147,0,,3627292,3627292,0.89
INV-H4-000148,0,,1207325,1207325,0.89
INV-H4-000149,0,,1433525,1433525,0.89
INV-H4-000150,0,,1510135,1510135,0.89
INV-H4-000152,0,,1673314,1673314,0.89
INV-H4-000153,1,malformed_service_date;unknown_service,3656250,3656250,0.72
INV-H4-000154,0,,1006400,1006400,0.89
INV-H4-000156,0,,1706925,1706925,0.89
INV-H4-000157,1,invoice_total_mismatch,1041600,1066600,0.72
INV-H4-000158,0,,1897325,1897325,0.89
INV-H4-000160,0,,481550,481550,0.89
INV-H4-000163,0,,3712175,3712175,0.89
INV-H4-000164,1,malformed_service_date;contract_number_mismatch;bundle_incorrectly_applied;line_amount_mismatch,2217803,2241308,0.72
INV-H4-000165,1,daily_cap_exceeded;invoice_amount_mismatch;line_amount_mismatch,3370925,3413175,0.45
INV-H4-000166,0,,1360729,1360729,0.89
INV-H4-000168,1,wrong_unit_basis;exclusion_window_violation;line_amount_mismatch;nonbillable_service;unit_price_mismatch,2184615,2221715,0.08
INV-H4-000169,0,,2116475,2116475,0.89
INV-H4-000174,0,,1591425,1591425,0.89
INV-H4-000175,0,,3231725,3231725,0.89
INV-H4-000179,0,,1998140,1998140,0.89
INV-H4-000185,0,,3031025,3031025,0.89
INV-H4-000187,0,,4163750,4163750,0.89
INV-H4-000188,0,,480600,480600,0.89
INV-H4-000189,0,,2477850,2477850,0.89
INV-H4-000191,0,,2686650,2686650,0.89
INV-H4-000194,0,,5330400,5330400,0.89
INV-H4-000196,1,wrong_unit_basis;bundle_incorrectly_applied;invoice_amount_mismatch;line_amount_mismatch;unit_price_mismatch,2732000,2769483,0.53
INV-H4-000198,0,,892825,892825,0.89
INV-H4-000199,0,,3183225,3183225,0.89
INV-H4-000201,0,,875700,875700,0.89
INV-H4-000202,0,,1981900,1981900,0.89
INV-H4-000205,0,,3493500,3493500,0.89
INV-H4-000206,0,,1988225,1988225,0.89
INV-H4-000207,0,,930000,930000,0.89
INV-H4-000208,0,,3600552,3600552,0.89
INV-H4-000209,0,,2321736,2321736,0.89
INV-H4-000210,0,,5038300,5038300,0.89
INV-H4-000212,0,,2243138,2243138,0.89
INV-H4-000213,0,,2984225,2984225,0.89
INV-H4-000214,0,,3246025,3246025,0.89
INV-H4-000215,0,,604825,604825,0.89
INV-H4-000216,0,,1973625,1973625,0.89
INV-H4-000217,1,bundle_incorrectly_applied;line_amount_mismatch;unit_price_mismatch,2596750,2424724,0.45
INV-H4-000219,0,,3351025,3351025,0.89
INV-H4-000220,0,,4985275,4985275,0.89
INV-H4-000221,0,,1251552,1251552,0.89
INV-H4-000226,1,line_total_arithmetic;line_amount_mismatch,916750,941750,0.72
INV-H4-000227,0,,4035850,4035850,0.89
INV-H4-000228,0,,2264805,2264805,0.89
INV-H4-000229,0,,2680971,2680971,0.89
INV-H4-000231,0,,4372475,4372475,0.89
INV-H4-000232,0,,1930675,1930675,0.89
INV-H4-000233,0,,2666630,2666630,0.89
INV-H4-000234,0,,1089700,1089700,0.89
INV-H4-000235,1,contract_number_mismatch;exclusion_window_violation;invoice_amount_mismatch;line_amount_mismatch;nonbillable_service;unit_price_mismatch,1518150,1538350,0.72
INV-H4-000236,0,,2297550,2297550,0.89
INV-H4-000237,0,,3644221,3644221,0.89
INV-H4-000240,0,,2711979,2711979,0.89
INV-H4-000241,0,,2652700,2652700,0.89
INV-H4-000242,0,,4025602,4025602,0.89
INV-H4-000243,0,,1488475,1488475,0.89
INV-H4-000244,0,,1335750,1335750,0.89
INV-H4-000245,0,,1497140,1497140,0.89
INV-H4-000246,0,,2716947,2716947,0.89
INV-H4-000247,1,bundle_incorrectly_applied;line_amount_mismatch,3219450,3224198,0.45
INV-H4-000249,0,,2468650,2468650,0.89
INV-H4-000251,0,,1327425,1327425,0.89
INV-H4-000254,0,,1369875,1369875,0.89
INV-H4-000256,0,,682700,682700,0.89
INV-H4-000258,0,,1118825,1118825,0.89
INV-H4-000259,1,bundle_incorrectly_applied;invoice_amount_mismatch;line_amount_mismatch,3880075,4427913,0.53
INV-H4-000260,1,service_date_out_of_window;line_total_arithmetic;line_amount_mismatch,1682025,1657025,0.72
INV-H4-000262,0,,2110186,2110186,0.89
INV-H4-000264,1,duplicate_invoice_id;bundle_incorrectly_applied;line_amount_mismatch,4671165,4696974,0.72
INV-H4-000266,0,,613575,613575,0.89
INV-H4-000274,0,,1107275,1107275,0.89
INV-H4-000275,0,,3175125,3175125,0.89
INV-H4-000276,0,,4113650,4113650,0.89
INV-H4-000279,0,,2072558,2072558,0.89
INV-H4-000281,0,,1513905,1513905,0.89
INV-H4-000282,0,,1401500,1401500,0.89
INV-H4-000284,0,,531900,531900,0.89
INV-H4-000285,1,unknown_service,1044325,1044325,0.53
INV-H4-000286,0,,2054450,2054450,0.89
INV-H4-000288,0,,1085000,1085000,0.89
INV-H4-000290,0,,3406925,3406925,0.89
INV-H4-000292,0,,1980000,1980000,0.89
INV-H4-000293,1,bundle_incorrectly_applied;line_amount_mismatch,3493365,3500841,0.45
INV-H4-000294,0,,827525,827525,0.89
INV-H4-000295,0,,579025,579025,0.89
INV-H4-000296,0,,1443230,1443230,0.89
INV-H4-000298,0,,2093400,2093400,0.89
INV-H4-000299,0,,421750,421750,0.89
INV-H4-000301,0,,1677800,1677800,0.89
INV-H4-000306,0,,2618850,2618850,0.89
INV-H4-000308,0,,2714544,2714544,0.89
INV-H4-000309,1,cross_invoice_duplicate;unknown_service,2736943,3550818,0.72
INV-H4-000310,0,,1316020,1316020,0.89
INV-H4-000312,0,,699500,699500,0.89
INV-H4-000313,0,,800725,800725,0.89
INV-H4-000314,0,,697175,697175,0.89
INV-H4-000315,0,,1699100,1699100,0.89
INV-H4-000316,0,,4094625,4094625,0.89
INV-H4-000317,0,,2361575,2361575,0.89
INV-H4-000323,1,invoice_total_mismatch,1905175,1906175,0.72
INV-H4-000326,0,,3798200,3798200,0.89
INV-H4-000328,0,,917100,917100,0.89
INV-H4-000330,0,,1330250,1330250,0.89
INV-H4-000331,0,,4216333,4216333,0.89
INV-H4-000332,0,,4836400,4836400,0.89
INV-H4-000333,0,,999950,999950,0.89
INV-H4-000334,0,,1071950,1071950,0.89
INV-H4-000337,0,,2762165,2762165,0.89
INV-H4-000338,0,,3339125,3339125,0.89
INV-H4-000339,0,,2489370,2489370,0.89
INV-H4-000340,0,,572600,572600,0.89
INV-H4-000342,0,,1868200,1868200,0.89
INV-H4-000343,0,,1048175,1048175,0.89
INV-H4-000347,0,,1895670,1895670,0.89
INV-H4-000350,0,,3278425,3278425,0.89
INV-H4-000351,0,,5091100,5091100,0.89
INV-H4-000353,0,,981842,981842,0.89
INV-H4-000355,1,bundle_incorrectly_applied;bundle_not_applied;line_amount_mismatch,2858859,2871831,0.45
INV-H4-000357,0,,3397840,3397840,0.89
INV-H4-000359,0,,1946150,1946150,0.89
INV-H4-000360,0,,4291045,4291045,0.89
INV-H4-000362,0,,369425,369425,0.89
INV-H4-000368,0,,3021850,3021850,0.89
INV-H4-000370,0,,1554128,1554128,0.89
INV-H4-000371,0,,2884425,2884425,0.89
INV-H4-000372,0,,474575,474575,0.89
INV-H4-000373,0,,3625717,3625717,0.89
INV-H4-000374,0,,2910580,2910580,0.89
INV-H4-000375,0,,1582750,1582750,0.89
INV-H4-000376,0,,462950,462950,0.89
INV-H4-000379,0,,1395600,1395600,0.89
INV-H4-000382,0,,781425,781425,0.89
INV-H4-000383,0,,6154400,6154400,0.89
INV-H4-000385,0,,3064130,3064130,0.89
INV-H4-000388,0,,3044800,3044800,0.89
INV-H4-000389,0,,935125,935125,0.89
INV-H4-000391,1,service_date_after_invoice_date,1528764,1528764,0.72
INV-H4-000396,0,,4456925,4456925,0.89
INV-H4-000398,0,,2575550,2575550,0.89
INV-H4-000400,0,,1668400,1668400,0.89
INV-H4-000401,0,,2864175,2864175,0.89
INV-H4-000402,0,,3624065,3624065,0.89
INV-H4-000403,0,,1411800,1411800,0.89
INV-H4-000404,0,,1310900,1310900,0.89
INV-H4-000408,0,,2092935,2092935,0.89
INV-H4-000412,0,,3938725,3938725,0.89
INV-H4-000415,0,,1690850,1690850,0.89
INV-H4-000417,0,,1244125,1244125,0.89
INV-H4-000421,0,,4161435,4161435,0.89
INV-H4-000425,0,,2500834,2500834,0.89
INV-H4-000427,0,,1194800,1194800,0.89
INV-H4-000431,1,duplicate_invoice_id;exclusion_window_violation;invoice_amount_mismatch;line_amount_mismatch;nonbillable_service;unit_price_mismatch,1367225,1837700,0.72
INV-H4-000433,0,,5004761,5004761,0.89
INV-H4-000434,0,,1919075,1919075,0.89
INV-H4-000436,0,,2114075,2114075,0.89
INV-H4-000439,0,,2091075,2091075,0.89
INV-H4-000440,0,,1999100,1999100,0.89
INV-H4-000443,0,,1949435,1949435,0.89
INV-H4-000444,0,,1312964,1312964,0.89
INV-H4-000445,1,service_date_out_of_window;service_date_after_invoice_date,3669725,3669725,0.72
INV-H4-000447,0,,2036000,2036000,0.89
INV-H4-000448,0,,3450611,3450611,0.89
INV-H4-000449,0,,2992325,2992325,0.89
INV-H4-000451,0,,1500000,1500000,0.89
INV-H4-000455,0,,4005775,4005775,0.89
INV-H4-000458,1,unknown_service,1395600,1395600,0.53
INV-H4-000460,0,,1423623,1423623,0.89
INV-H4-000461,0,,2918700,2918700,0.89
INV-H4-000462,0,,3127525,3127525,0.89
INV-H4-000464,0,,1815325,1815325,0.89
INV-H4-000466,0,,2165475,2165475,0.89
INV-H4-000467,0,,1033045,1033045,0.89
INV-H4-000468,0,,1610125,1610125,0.89
INV-H4-000470,0,,1962575,1962575,0.89
INV-H4-000472,0,,319075,319075,0.89
INV-H4-000473,1,cross_invoice_duplicate;wrong_unit_basis;exclusion_window_violation;line_amount_mismatch;nonbillable_service;unit_price_mismatch,948675,2150500,0.72
INV-H4-000478,0,,745480,745480,0.89
INV-H4-000483,1,invoice_total_mismatch;daily_cap_exceeded;line_amount_mismatch,1527450,1702575,0.45
INV-H4-000485,0,,3201339,3201339,0.89
INV-H4-000486,0,,1222350,1222350,0.89
INV-H4-000487,0,,2159000,2159000,0.89
INV-H4-000488,0,,2643175,2643175,0.89
INV-H4-000491,0,,2202350,2202350,0.89
INV-H4-000492,0,,1855775,1855775,0.89
INV-H4-000495,0,,3619538,3619538,0.89
INV-H4-000497,0,,1524750,1524750,0.89
INV-H4-000498,0,,961550,961550,0.89
INV-H4-000499,0,,3995805,3995805,0.89
INV-H4-000500,0,,1513950,1513950,0.89
INV-H4-000503,0,,1712225,1712225,0.89
INV-H4-000504,1,wrong_unit_basis;contract_number_mismatch;invoice_total_mismatch,970875,995875,0.72
INV-H4-000505,0,,869100,869100,0.89
INV-H4-000511,0,,4246950,4246950,0.89
INV-H4-000513,0,,1561425,1561425,0.89
INV-H4-000514,0,,4107575,4107575,0.89
INV-H4-000516,0,,3061500,3061500,0.89
INV-H4-000518,0,,4478075,4478075,0.89
INV-H4-000519,0,,1958225,1958225,0.89
INV-H4-000521,0,,3804725,3804725,0.89
INV-H4-000524,0,,3601709,3601709,0.89
INV-H4-000525,0,,1219975,1219975,0.89
INV-H4-000528,1,malformed_service_date;bundle_not_applied;line_amount_mismatch,4820675,4855400,0.72
INV-H4-000530,0,,1279875,1279875,0.89
INV-H4-000535,0,,1740400,1740400,0.89
INV-H4-000537,0,,3505975,3505975,0.89
INV-H4-000538,0,,4808825,4808825,0.89
INV-H4-000540,1,contract_number_mismatch;daily_cap_exceeded;invoice_amount_mismatch;line_amount_mismatch,2120125,2195250,0.45
INV-H4-000541,1,wrong_unit_basis,508925,508925,0.53
INV-H4-000543,0,,2661825,2661825,0.89
INV-H4-000544,0,,850425,850425,0.89
INV-H4-000547,0,,2848500,2848500,0.89
INV-H4-000548,0,,2150750,2150750,0.89
INV-H4-000550,0,,2718675,2718675,0.89
INV-H4-000553,0,,1389823,1389823,0.89
INV-H4-000554,1,invoice_total_mismatch;daily_cap_exceeded;line_amount_mismatch,3465160,3608010,0.45
INV-H4-000556,0,,2462025,2462025,0.89
INV-H4-000557,0,,885100,885100,0.89
INV-H4-000558,0,,780300,780300,0.89
INV-H4-000559,0,,2734650,2734650,0.89
INV-H4-000561,0,,2180950,2180950,0.89
INV-H4-000566,0,,1810875,1810875,0.89
INV-H4-000570,0,,2001370,2001370,0.89
INV-H4-000571,0,,3271200,3271200,0.89
INV-H4-000572,0,,3946500,3946500,0.89
INV-H4-000574,0,,2526375,2526375,0.89
INV-H4-000576,1,malformed_service_date;daily_cap_exceeded;line_amount_mismatch,5831530,5976355,0.45
INV-H4-000578,0,,2235025,2235025,0.89
INV-H4-000580,0,,1117339,1117339,0.89
INV-H4-000583,1,bundle_incorrectly_applied;bundle_not_applied;invoice_amount_mismatch;line_amount_mismatch,819575,947375,0.53
INV-H4-000585,0,,1713400,1713400,0.89
INV-H4-000586,0,,444550,444550,0.89
INV-H4-000591,0,,1112500,1112500,0.89
INV-H4-000592,0,,4009573,4009573,0.89
INV-H4-000593,0,,3851318,3851318,0.89
INV-H4-000596,0,,2855821,2855821,0.89
INV-H4-000598,0,,4099350,4099350,0.89
INV-H4-000603,0,,3770800,3770800,0.89
INV-H4-000604,0,,1621650,1621650,0.89
INV-H4-000605,0,,3585475,3585475,0.89
INV-H4-000606,0,,1507055,1507055,0.89
INV-H4-000607,1,duplicate_invoice_id,1108400,1108400,0.72
INV-H4-000609,1,daily_cap_exceeded;line_amount_mismatch,4963775,5398250,0.45
INV-H4-000610,1,line_total_arithmetic;bundle_not_applied;invoice_amount_mismatch;line_amount_mismatch,4533825,4561975,0.72
INV-H4-000614,0,,4461675,4461675,0.89
INV-H4-000617,0,,2334775,2334775,0.89
INV-H4-000618,0,,3254675,3254675,0.89
INV-H4-000619,0,,3328475,3328475,0.89
INV-H4-000620,0,,1083025,1083025,0.89
INV-H4-000622,0,,1257650,1257650,0.89
INV-H4-000624,1,bundle_not_applied;line_amount_mismatch,2922222,2910328,0.45
INV-H4-000627,0,,969075,969075,0.89
INV-H4-000629,0,,2322425,2322425,0.89
INV-H4-000630,0,,3730150,3730150,0.89
INV-H4-000631,0,,562550,562550,0.89
INV-H4-000632,0,,1680900,1680900,0.89
INV-H4-000634,0,,1176432,1176432,0.89
INV-H4-000642,0,,1023125,1023125,0.89
INV-H4-000643,0,,3115925,3115925,0.89
INV-H4-000645,1,bundle_not_applied;invoice_amount_mismatch;line_amount_mismatch;unit_price_mismatch,2426707,2403195,0.53
INV-H4-000646,0,,3805850,3805850,0.89
INV-H4-000648,1,wrong_unit_basis;bundle_incorrectly_applied;line_amount_mismatch,1853525,1874237,0.45
INV-H4-000649,0,,2106550,2106550,0.89
INV-H4-000650,0,,2116750,2116750,0.89
INV-H4-000651,0,,977050,977050,0.89
INV-H4-000653,0,,2666650,2666650,0.89
INV-H4-000656,0,,1691450,1691450,0.89
INV-H4-000658,1,wrong_unit_basis;bundle_incorrectly_applied;exclusion_window_violation;line_amount_mismatch;nonbillable_service;unit_price_mismatch,2957325,3976687,0.08
INV-H4-000665,1,bundle_not_applied;line_amount_mismatch,3801435,3833775,0.08
INV-H4-000667,0,,1037685,1037685,0.89
INV-H4-000669,0,,2036050,2036050,0.89
INV-H4-000670,0,,2221300,2221300,0.89
INV-H4-000672,0,,1800325,1800325,0.89
INV-H4-000673,0,,3223381,3223381,0.89
INV-H4-000675,0,,1600225,1600225,0.89
INV-H4-000678,1,service_date_after_invoice_date;malformed_service_date,3039017,3039017,0.72
INV-H4-000681,0,,2447300,2447300,0.89
INV-H4-000682,0,,2394425,2394425,0.89
INV-H4-000683,0,,3566465,3566465,0.89
INV-H4-000685,0,,888575,888575,0.89
INV-H4-000687,0,,2130175,2130175,0.89
INV-H4-000688,0,,2147980,2147980,0.89
INV-H4-000689,0,,311150,311150,0.89
INV-H4-000691,1,service_date_after_invoice_date;wrong_unit_basis;bundle_not_applied;line_amount_mismatch,4044490,4074340,0.72
INV-H4-000692,1,bundle_incorrectly_applied;bundle_not_applied;line_amount_mismatch,862739,852437,0.45
INV-H4-000693,1,service_date_out_of_window;cross_invoice_duplicate,1713825,1856825,0.72
INV-H4-000697,0,,654798,654798,0.89
INV-H4-000700,1,malformed_service_date;unknown_service,1300625,1300625,0.72
INV-H4-000703,0,,1270725,1270725,0.89
INV-H4-000704,0,,2061525,2061525,0.89
INV-H4-000707,0,,3779025,3779025,0.89
INV-H4-000709,0,,4613225,4613225,0.89
INV-H4-000710,0,,508550,508550,0.89
INV-H4-000711,0,,4676031,4676031,0.89
INV-H4-000712,0,,2480463,2480463,0.89
INV-H4-000717,0,,475025,475025,0.89
INV-H4-000718,0,,1570300,1570300,0.89
INV-H4-000719,1,line_total_arithmetic;invoice_amount_mismatch;line_amount_mismatch,2371128,2370128,0.72
INV-H4-000721,0,,3096676,3096676,0.89
INV-H4-000722,0,,4852900,4852900,0.89
INV-H4-000723,0,,3752837,3752837,0.89
INV-H4-000724,1,service_date_out_of_window;bundle_not_applied;line_amount_mismatch,3027440,3060765,0.72
INV-H4-000726,0,,2226275,2226275,0.89
INV-H4-000728,0,,988325,988325,0.89
INV-H4-000730,0,,3828225,3828225,0.89
INV-H4-000732,0,,2127850,2127850,0.89
INV-H4-000733,0,,1170500,1170500,0.89
INV-H4-000735,0,,402050,402050,0.89
INV-H4-000736,0,,1610150,1610150,0.89
INV-H4-000741,0,,3319825,3319825,0.89
INV-H4-000744,0,,2601325,2601325,0.89
INV-H4-000747,0,,805650,805650,0.89
INV-H4-000748,0,,1131650,1131650,0.89
INV-H4-000749,0,,3224700,3224700,0.89
INV-H4-000750,0,,1496250,1496250,0.89
INV-H4-000753,0,,3517100,3517100,0.89
INV-H4-000754,0,,2006700,2006700,0.89
INV-H4-000757,0,,1616780,1616780,0.89
INV-H4-000759,0,,2824475,2824475,0.89
INV-H4-000761,0,,3057850,3057850,0.89
INV-H4-000767,0,,2274835,2274835,0.89
INV-H4-000769,0,,1986350,1986350,0.89
INV-H4-000771,0,,1482775,1482775,0.89
INV-H4-000773,0,,2910695,2910695,0.89
INV-H4-000775,0,,974850,974850,0.89
INV-H4-000776,0,,3020525,3020525,0.89
INV-H4-000778,0,,1645675,1645675,0.89
INV-H4-000780,0,,2060075,2060075,0.89
INV-H4-000788,0,,1575550,1575550,0.89
INV-H4-000789,0,,4974786,4974786,0.89
INV-H4-000790,0,,1579048,1579048,0.89
INV-H4-000791,0,,4221708,4221708,0.89
INV-H4-000792,0,,2301500,2301500,0.89
INV-H4-000795,1,unknown_service,5008875,5008875,0.53
INV-H4-000796,0,,2077075,2077075,0.89
INV-H4-000797,0,,2429475,2429475,0.89
INV-H4-000799,0,,2573075,2573075,0.89
INV-H4-000800,0,,1103000,1103000,0.89
INV-H4-000803,0,,1133514,1133514,0.89
INV-H4-000806,0,,1996500,1996500,0.89
INV-H4-000811,0,,367825,367825,0.89
INV-H4-000812,0,,5447044,5447044,0.89
INV-H4-000816,0,,3280925,3280925,0.89
INV-H4-000821,0,,1685850,1685850,0.89
INV-H4-000823,0,,2781425,2781425,0.89
INV-H4-000824,0,,4084125,4084125,0.89
INV-H4-000825,0,,1076650,1076650,0.89
INV-H4-000826,0,,1664025,1664025,0.89
INV-H4-000827,0,,5327380,5327380,0.89
INV-H4-000828,0,,3552875,3552875,0.89
INV-H4-000829,0,,1610375,1610375,0.89
INV-H4-000830,0,,2539580,2539580,0.89
INV-H4-000832,0,,2143525,2143525,0.89
INV-H4-000833,0,,2619940,2619940,0.89
INV-H4-000834,0,,2226125,2226125,0.89
INV-H4-000835,0,,3111550,3111550,0.89
INV-H5-000001,1,duplicate_invoice_id;service_date_after_invoice_date;line_total_arithmetic;line_amount_mismatch,1765346,1790346,0.65
INV-H5-000002,0,,4279378,4279378,0.65
INV-H5-000003,0,,3060861,3060861,0.65
INV-H5-000004,0,,2394252,2394252,0.65
INV-H5-000005,0,,1284813,1284813,0.65
INV-H5-000007,0,,5985654,5985654,0.65
INV-H5-000009,0,,4782919,4782919,0.65
INV-H5-000010,0,,2530893,2530893,0.65
INV-H5-000012,0,,2610439,2610439,0.65
INV-H5-000013,0,,2370617,2370617,0.65
INV-H5-000014,0,,1013030,1013030,0.65
INV-H5-000015,1,invoice_amount_mismatch;line_amount_mismatch;premium_omitted;volume_discount_incorrectly_applied,3886032,3733765,0.53
INV-H5-000016,0,,3197587,3197587,0.65
INV-H5-000017,0,,1203384,1203384,0.65
INV-H5-000018,0,,2415728,2415728,0.65
INV-H5-000021,0,,3209579,3209579,0.65
INV-H5-000022,0,,1706589,1706589,0.65
INV-H5-000023,0,,1458945,1458945,0.65
INV-H5-000026,0,,3566663,3566663,0.65
INV-H5-000027,0,,1617459,1617459,0.65
INV-H5-000028,0,,2631208,2631208,0.65
INV-H5-000030,0,,1574328,1574328,0.65
INV-H5-000033,0,,1848070,1848070,0.65
INV-H5-000034,1,malformed_service_date;unknown_service,1586458,1586458,0.65
INV-H5-000035,0,,2989060,2989060,0.65
INV-H5-000036,0,,1441175,1441175,0.65
INV-H5-000039,0,,420880,420880,0.65
INV-H5-000041,0,,2994005,2994005,0.65
INV-H5-000042,0,,1736302,1736302,0.65
INV-H5-000043,0,,884375,884375,0.65
INV-H5-000044,0,,3888004,3888004,0.65
INV-H5-000046,1,unknown_service;wrong_unit_basis,2819235,2819235,0.53
INV-H5-000047,0,,6286080,6286080,0.65
INV-H5-000048,0,,1377165,1377165,0.65
INV-H5-000049,0,,2676455,2676455,0.65
INV-H5-000052,0,,3031372,3031372,0.65
INV-H5-000053,0,,3546215,3546215,0.65
INV-H5-000055,0,,3080927,3080927,0.65
INV-H5-000056,0,,1386580,1386580,0.65
INV-H5-000058,0,,1704563,1704563,0.65
INV-H5-000059,0,,1341728,1341728,0.65
INV-H5-000061,0,,1191268,1191268,0.65
INV-H5-000062,0,,4173307,4173307,0.65
INV-H5-000063,0,,7208783,7208783,0.65
INV-H5-000064,0,,2780762,2780762,0.65
INV-H5-000065,0,,2588563,2588563,0.65
INV-H5-000069,0,,2943997,2943997,0.65
INV-H5-000071,0,,1567731,1567731,0.65
INV-H5-000072,0,,993866,993866,0.65
INV-H5-000073,1,unknown_service;invoice_total_mismatch;line_amount_mismatch;unit_price_mismatch,1689586,1718945,0.65
INV-H5-000074,1,service_date_out_of_window;duplicate_invoice_id;contract_number_mismatch,3046447,3046447,0.65
INV-H5-000075,0,,3593629,3593629,0.65
INV-H5-000076,1,duplicate_invoice_id;line_amount_mismatch;unit_price_mismatch,3063183,3061300,0.65
INV-H5-000077,1,service_date_after_invoice_date,1575041,1575041,0.65
INV-H5-000078,0,,2806193,2806193,0.65
INV-H5-000080,0,,2025048,2025048,0.65
INV-H5-000081,0,,1084993,1084993,0.65
INV-H5-000083,0,,1869011,1869011,0.65
INV-H5-000086,0,,6564875,6564875,0.65
INV-H5-000087,0,,415087,415087,0.65
INV-H5-000088,0,,1559454,1559454,0.65
INV-H5-000089,0,,5946686,5946686,0.65
INV-H5-000090,0,,1712643,1712643,0.65
INV-H5-000091,1,invoice_total_mismatch;line_amount_mismatch;unit_price_mismatch,2620562,2533713,0.65
INV-H5-000092,0,,891912,891912,0.65
INV-H5-000096,0,,1671486,1671486,0.65
INV-H5-000097,0,,1973736,1973736,0.65
INV-H5-000102,1,wrong_unit_basis,3415440,3415440,0.53
INV-H5-000103,0,,2369452,2369452,0.65
INV-H5-000105,0,,2749081,2749081,0.65
INV-H5-000109,1,line_amount_mismatch;premium_incorrectly_applied;unit_price_mismatch,5365694,5397917,0.45
INV-H5-000110,0,,2692178,2692178,0.65
INV-H5-000111,0,,1925725,1925725,0.65
INV-H5-000112,0,,1604708,1604708,0.65
INV-H5-000115,0,,1825298,1825298,0.65
INV-H5-000117,1,malformed_service_date;unknown_service,3951859,3951859,0.65
INV-H5-000118,0,,2388510,2388510,0.65
INV-H5-000119,0,,1348026,1348026,0.65
INV-H5-000121,0,,1266541,1266541,0.65
INV-H5-000132,1,invoice_amount_mismatch;line_amount_mismatch;premium_incorrectly_applied,2395988,2477518,0.53
INV-H5-000134,0,,965478,965478,0.65
INV-H5-000135,0,,2186524,2186524,0.65
INV-H5-000142,0,,1393263,1393263,0.65
INV-H5-000147,1,contract_number_mismatch;line_total_arithmetic;bundle_not_applied;invoice_amount_mismatch;line_amount_mismatch,1011781,1032581,0.65
INV-H5-000148,0,,3708048,3708048,0.65
INV-H5-000149,0,,1192595,1192595,0.65
INV-H5-000151,0,,1819366,1819366,0.65
INV-H5-000152,0,,979169,979169,0.65
INV-H5-000153,0,,1299283,1299283,0.65
INV-H5-000154,0,,1217400,1217400,0.65
INV-H5-000155,0,,2042963,2042963,0.65
INV-H5-000158,0,,5073740,5073740,0.65
INV-H5-000160,1,invoice_total_mismatch;bundle_incorrectly_applied;line_amount_mismatch,2546019,2410731,0.65
INV-H5-000163,1,line_amount_mismatch;volume_discount_omitted,2631581,2638415,0.08
INV-H5-000164,1,daily_cap_exceeded;invoice_amount_mismatch;line_amount_mismatch,4988191,5782441,0.45
INV-H5-000166,0,,2295203,2295203,0.65
INV-H5-000169,0,,1528372,1528372,0.65
INV-H5-000170,1,duplicate_invoice_id;line_amount_mismatch;unit_price_mismatch,2423833,2575249,0.65
INV-H5-000171,1,unknown_service;invoice_total_mismatch;line_amount_mismatch;unit_price_mismatch,2830349,2939365,0.65
INV-H5-000173,0,,4368712,4368712,0.65
INV-H5-000176,0,,754959,754959,0.65
INV-H5-000178,0,,1341779,1341779,0.65
INV-H5-000179,0,,2959931,2959931,0.65
INV-H5-000182,0,,2723846,2723846,0.65
INV-H5-000183,0,,611744,611744,0.65
INV-H5-000185,0,,2144815,2144815,0.65
INV-H5-000187,0,,1696206,1696206,0.65
INV-H5-000189,0,,5210763,5210763,0.65
INV-H5-000190,1,malformed_service_date;invoice_total_mismatch;daily_cap_exceeded;line_amount_mismatch,3606599,3594469,0.45
INV-H5-000191,0,,2828264,2828264,0.65
INV-H5-000193,0,,1192291,1192291,0.65
INV-H5-000194,0,,1741926,1741926,0.65
INV-H5-000195,0,,3622857,3622857,0.65
INV-H5-000197,1,invoice_amount_mismatch;line_amount_mismatch;volume_discount_incorrectly_applied,3398989,3362731,0.53
INV-H5-000200,0,,3818816,3818816,0.65
INV-H5-000202,0,,1559673,1559673,0.65
INV-H5-000204,0,,2237067,2237067,0.65
INV-H5-000205,0,,4549107,4549107,0.65
INV-H5-000206,0,,2432220,2432220,0.65
INV-H5-000207,0,,1690030,1690030,0.65
INV-H5-000208,0,,1467080,1467080,0.65
INV-H5-000209,1,unknown_service;contract_number_mismatch,2696117,2696117,0.65
INV-H5-000211,0,,476248,476248,0.65
INV-H5-000212,0,,1700233,1700233,0.65
INV-H5-000213,0,,2219209,2219209,0.65
INV-H5-000214,0,,3483665,3483665,0.65
INV-H5-000215,1,wrong_unit_basis;contract_number_mismatch;line_total_arithmetic;line_amount_mismatch,3637056,3612056,0.65
INV-H5-000217,0,,2739145,2739145,0.65
INV-H5-000218,0,,2324118,2324118,0.65
INV-H5-000219,0,,2291335,2291335,0.65
INV-H5-000220,1,line_amount_mismatch;premium_omitted,1460491,1458910,0.45
INV-H5-000221,0,,1252228,1252228,0.65
INV-H5-000222,0,,2145806,2145806,0.65
INV-H5-000223,0,,3641448,3641448,0.65
INV-H5-000224,1,malformed_service_date,4711155,4711155,0.65
INV-H5-000226,0,,4310326,4310326,0.65
INV-H5-000227,0,,2996772,2996772,0.65
INV-H5-000228,0,,1674950,1674950,0.65
INV-H5-000233,0,,2668108,2668108,0.65
INV-H5-000234,0,,2702803,2702803,0.65
INV-H5-000236,1,invoice_amount_mismatch;line_amount_mismatch;unit_price_mismatch,6667569,6611716,0.53
INV-H5-000239,0,,1978606,1978606,0.65
INV-H5-000241,0,,791180,791180,0.65
INV-H5-000243,0,,1460165,1460165,0.65
INV-H5-000245,0,,1891041,1891041,0.65
INV-H5-000246,0,,3442900,3442900,0.65
INV-H5-000249,0,,5021850,5021850,0.65
INV-H5-000250,0,,1189113,1189113,0.65
INV-H5-000251,0,,2064773,2064773,0.65
INV-H5-000257,0,,1942973,1942973,0.65
INV-H5-000259,0,,1748709,1748709,0.65
INV-H5-000260,1,duplicate_invoice_id;contract_number_mismatch,3972024,3972024,0.65
INV-H5-000262,0,,1744920,1744920,0.65
INV-H5-000264,0,,3724362,3724362,0.65
INV-H5-000265,0,,5411328,5411328,0.65
INV-H5-000267,0,,1369334,1369334,0.65
INV-H5-000269,0,,1695975,1695975,0.65
INV-H5-000274,0,,2399839,2399839,0.65
INV-H5-000275,0,,1848095,1848095,0.65
INV-H5-000278,0,,2230836,2230836,0.65
INV-H5-000279,0,,2927000,2927000,0.65
INV-H5-000281,0,,2211040,2211040,0.65
INV-H5-000282,0,,1528923,1528923,0.65
INV-H5-000284,0,,3061986,3061986,0.65
INV-H5-000285,1,line_total_arithmetic;invoice_amount_mismatch;line_amount_mismatch,2975929,2974929,0.65
INV-H5-000286,0,,4767432,4767432,0.65
INV-H5-000289,1,invoice_total_mismatch,2941899,3041899,0.65
INV-H5-000290,0,,2034423,2034423,0.65
INV-H5-000291,0,,2059007,2059007,0.65
INV-H5-000292,0,,764510,764510,0.65
INV-H5-000293,0,,4026843,4026843,0.65
INV-H5-000294,1,unknown_service;wrong_unit_basis,928839,928839,0.53
INV-H5-000298,1,contract_number_mismatch;invoice_amount_mismatch;line_amount_mismatch;unit_price_mismatch,968734,956734,0.65
INV-H5-000299,0,,3298925,3298925,0.65
INV-H5-000302,0,,704292,704292,0.65
INV-H5-000303,0,,2917273,2917273,0.65
INV-H5-000304,0,,3621408,3621408,0.65
INV-H5-000305,0,,1581412,1581412,0.65
INV-H5-000306,0,,1577419,1577419,0.65
INV-H5-000308,0,,907155,907155,0.65
INV-H5-000309,0,,1074118,1074118,0.65
INV-H5-000310,0,,700952,700952,0.65
INV-H5-000311,1,service_date_out_of_window;duplicate_invoice_id,3119824,3119824,0.65
INV-H5-000312,1,unknown_service;line_amount_mismatch;unit_price_mismatch,4094776,4120545,0.53
INV-H5-000313,0,,3839281,3839281,0.65
INV-H5-000314,0,,2037793,2037793,0.65
INV-H5-000315,0,,1174395,1174395,0.65
INV-H5-000316,0,,6024728,6024728,0.65
INV-H5-000318,0,,4906000,4906000,0.65
INV-H5-000320,0,,3560326,3560326,0.65
INV-H5-000323,0,,3550307,3550307,0.65
INV-H5-000325,0,,3864194,3864194,0.65
INV-H5-000326,0,,1433261,1433261,0.65
INV-H5-000329,0,,794948,794948,0.65
INV-H5-000332,0,,2932419,2932419,0.65
INV-H5-000333,0,,1878972,1878972,0.65
INV-H5-000334,0,,875016,875016,0.65
INV-H5-000342,0,,2884665,2884665,0.65
INV-H5-000343,1,service_date_after_invoice_date,4063434,4063434,0.65
INV-H5-000344,0,,539985,539985,0.65
INV-H5-000346,0,,2052053,2052053,0.65
INV-H5-000347,0,,4171139,4171139,0.65
INV-H5-000350,0,,1917209,1917209,0.65
INV-H5-000351,0,,1975300,1975300,0.65
INV-H5-000353,0,,772183,772183,0.65
INV-H5-000354,0,,4271681,4271681,0.65
INV-H5-000355,0,,1595954,1595954,0.65
INV-H5-000357,0,,3083636,3083636,0.65
INV-H5-000358,1,service_date_out_of_window;service_date_after_invoice_date;unknown_service,4844844,4844844,0.65
INV-H5-000359,0,,2329645,2329645,0.65
INV-H5-000360,0,,2446298,2446298,0.65
INV-H5-000361,0,,2865698,2865698,0.65
INV-H5-000364,0,,5003739,5003739,0.65
INV-H5-000365,0,,3035743,3035743,0.65
INV-H5-000367,0,,2892582,2892582,0.65
INV-H5-000368,0,,1677795,1677795,0.65
INV-H5-000369,0,,2498398,2498398,0.65
INV-H5-000370,0,,1113454,1113454,0.65
INV-H5-000372,0,,1813808,1813808,0.65
INV-H5-000373,0,,3442762,3442762,0.65
INV-H5-000374,1,service_date_out_of_window;line_amount_mismatch;volume_discount_omitted,1736363,1758016,0.65
INV-H5-000375,1,duplicate_invoice_id;wrong_unit_basis;bundle_not_applied;invoice_amount_mismatch;line_amount_mismatch,2692253,2696113,0.65
INV-H5-000376,0,,638188,638188,0.65
INV-H5-000377,0,,2943896,2943896,0.65
INV-H5-000378,0,,1324122,1324122,0.65
INV-H5-000382,0,,2598821,2598821,0.65
INV-H5-000385,0,,3092311,3092311,0.65
INV-H5-000387,0,,598952,598952,0.65
INV-H5-000388,1,service_date_after_invoice_date;malformed_service_date;line_amount_mismatch;unit_price_mismatch,3880992,3876375,0.65
INV-H5-000389,0,,1503259,1503259,0.65
INV-H5-000390,0,,1587465,1587465,0.65
INV-H5-000391,0,,1656621,1656621,0.65
INV-H5-000392,0,,1415709,1415709,0.65
INV-H5-000393,0,,2915305,2915305,0.65
INV-H5-000394,0,,3998209,3998209,0.65
INV-H5-000397,0,,3038410,3038410,0.65
INV-H5-000398,0,,3650033,3650033,0.65
INV-H5-000400,0,,2192481,2192481,0.65
INV-H5-000403,0,,549491,549491,0.65
INV-H5-000404,1,service_date_after_invoice_date;line_amount_mismatch;premium_incorrectly_applied,3063222,3083025,0.65
INV-H5-000405,0,,1858506,1858506,0.65
INV-H5-000406,0,,1754690,1754690,0.65
INV-H5-000407,0,,3327671,3327671,0.65
INV-H5-000408,0,,1706598,1706598,0.65
INV-H5-000409,0,,3260932,3260932,0.65
INV-H5-000411,0,,3861937,3861937,0.65
INV-H5-000412,0,,2936836,2936836,0.65
INV-H5-000413,0,,2342129,2342129,0.65
INV-H5-000414,0,,973280,973280,0.65
INV-H5-000415,0,,2020731,2020731,0.65
INV-H5-000416,0,,1741622,1741622,0.65
INV-H5-000418,0,,3156769,3156769,0.65
INV-H5-000420,0,,3452118,3452118,0.65
INV-H5-000421,0,,2923542,2923542,0.65
INV-H5-000422,0,,1818018,1818018,0.65
INV-H5-000423,0,,2376651,2376651,0.65
INV-H5-000425,0,,2590621,2590621,0.65
INV-H5-000427,0,,4185106,4185106,0.65
INV-H5-000429,1,malformed_service_date;bundle_not_applied;line_amount_mismatch;unit_price_mismatch,3112098,3144051,0.65
INV-H5-000430,0,,2468285,2468285,0.65
INV-H5-000431,0,,1847740,1847740,0.65
INV-H5-000435,0,,3182849,3182849,0.65
INV-H5-000436,0,,3124293,3124293,0.65
INV-H5-000439,0,,4289088,4289088,0.65
INV-H5-000440,0,,3082893,3082893,0.65
INV-H5-000441,0,,5312398,5312398,0.65
INV-H5-000443,0,,3416774,3416774,0.65
INV-H5-000444,0,,3449162,3449162,0.65
INV-H5-000445,0,,3186395,3186395,0.65
INV-H5-000448,1,line_amount_mismatch;unit_price_mismatch,4381255,4382042,0.08
INV-H5-000449,0,,945432,945432,0.65
INV-H5-000450,0,,3034681,3034681,0.65
INV-H5-000451,0,,4866518,4866518,0.65
INV-H5-000452,0,,761027,761027,0.65
INV-H5-000455,0,,2636163,2636163,0.65
INV-H5-000456,0,,1996640,1996640,0.65
INV-H5-000458,0,,2050198,2050198,0.65
INV-H5-000460,0,,2922530,2922530,0.65
INV-H5-000461,0,,1241642,1241642,0.65
INV-H5-000464,1,invoice_amount_mismatch;line_amount_mismatch;premium_incorrectly_applied;unit_price_mismatch,2165415,2358301,0.53
INV-H5-000465,0,,1735876,1735876,0.65
INV-H5-000467,0,,1822769,1822769,0.65
INV-H5-000470,0,,2367351,2367351,0.65
INV-H5-000471,0,,2992013,2992013,0.65
INV-H5-000472,0,,3238780,3238780,0.65
INV-H5-000475,0,,1074464,1074464,0.65
INV-H5-000476,0,,1109760,1109760,0.65
INV-H5-000477,0,,2007448,2007448,0.65
INV-H5-000481,0,,3633873,3633873,0.65
INV-H5-000484,1,bundle_incorrectly_applied;bundle_not_applied;line_amount_mismatch,1145971,1305451,0.45
INV-H5-000488,0,,1455221,1455221,0.65
INV-H5-000489,1,malformed_service_date;wrong_unit_basis;line_amount_mismatch;premium_incorrectly_applied,674670,688830,0.65
INV-H5-000490,0,,4446598,4446598,0.65
INV-H5-000491,0,,911621,911621,0.65
INV-H5-000492,1,service_date_after_invoice_date,4256473,4256473,0.65
INV-H5-000496,0,,2879922,2879922,0.65
INV-H5-000498,0,,3700163,3700163,0.65
INV-H5-000501,0,,1513602,1513602,0.65
INV-H5-000502,0,,2572580,2572580,0.65
INV-H5-000503,0,,1457770,1457770,0.65
INV-H5-000504,0,,2419719,2419719,0.65
INV-H5-000506,0,,3050833,3050833,0.65
INV-H5-000507,0,,1851981,1851981,0.65
INV-H5-000508,0,,1470692,1470692,0.65
INV-H5-000509,0,,2703277,2703277,0.65
INV-H5-000510,0,,3551089,3551089,0.65
INV-H5-000511,0,,1628661,1628661,0.65
INV-H5-000512,0,,2568341,2568341,0.65
INV-H5-000513,0,,3041283,3041283,0.65
INV-H5-000514,0,,3544922,3544922,0.65
INV-H5-000515,0,,1577341,1577341,0.65
INV-H5-000517,0,,2245747,2245747,0.65
INV-H5-000518,0,,1367901,1367901,0.65
INV-H5-000520,1,bundle_not_applied;line_amount_mismatch,910959,914819,0.45
INV-H5-000521,0,,4705100,4705100,0.65
INV-H5-000522,0,,2187399,2187399,0.65
INV-H5-000523,0,,2610276,2610276,0.65
INV-H5-000524,0,,2482144,2482144,0.65
INV-H5-000526,0,,2350463,2350463,0.65
INV-H5-000527,0,,899793,899793,0.65
INV-H5-000528,0,,2608040,2608040,0.65
INV-H5-000529,0,,2529372,2529372,0.65
INV-H5-000532,0,,1643101,1643101,0.65
INV-H5-000533,0,,1538575,1538575,0.65
INV-H5-000535,0,,3226799,3226799,0.65
INV-H5-000536,0,,2500535,2500535,0.65
INV-H5-000537,0,,1674454,1674454,0.65
INV-H5-000538,0,,4592044,4592044,0.65
INV-H5-000539,1,cross_invoice_duplicate;wrong_unit_basis;line_amount_mismatch;premium_omitted,5154021,5191731,0.65
INV-H5-000540,0,,889650,889650,0.65
INV-H5-000542,0,,1712943,1712943,0.65
INV-H5-000543,1,wrong_unit_basis,1342323,1342323,0.08
INV-H5-000544,0,,2022208,2022208,0.65
INV-H5-000545,0,,3459336,3459336,0.65
INV-H5-000548,0,,3456905,3456905,0.65
INV-H5-000549,0,,1257831,1257831,0.65
INV-H5-000550,0,,5031102,5031102,0.65
INV-H5-000551,1,line_amount_mismatch;unit_price_mismatch,3518577,3708098,0.08
INV-H5-000552,0,,1333754,1333754,0.65
INV-H5-000553,0,,1913374,1913374,0.65
INV-H5-000554,0,,3434282,3434282,0.65
INV-H5-000555,0,,1876770,1876770,0.65
INV-H5-000556,0,,3188535,3188535,0.65
INV-H5-000557,0,,2940365,2940365,0.65
INV-H5-000558,0,,869563,869563,0.65
INV-H5-000560,0,,723751,723751,0.65
INV-H5-000562,0,,4192131,4192131,0.65
INV-H5-000563,0,,2658546,2658546,0.65
INV-H5-000564,0,,1103541,1103541,0.65
INV-H5-000566,0,,942798,942798,0.65
INV-H5-000568,0,,2250229,2250229,0.65
INV-H5-000569,0,,7023280,7023280,0.65
INV-H5-000570,0,,3899232,3899232,0.65
INV-H5-000571,0,,906632,906632,0.65
INV-H5-000572,0,,4563454,4563454,0.65
INV-H5-000573,0,,1534116,1534116,0.65
INV-H5-000574,1,service_date_out_of_window;wrong_unit_basis;line_amount_mismatch;unit_price_mismatch,5517874,5517874,0.65
INV-H5-000575,1,invoice_total_mismatch,1067381,1167381,0.65
INV-H5-000578,0,,3099289,3099289,0.65
INV-H5-000580,0,,5763303,5763303,0.65
INV-H5-000581,0,,4983046,4983046,0.65
INV-H5-000582,0,,2427167,2427167,0.65
INV-H5-000583,0,,997973,997973,0.65
INV-H5-000584,0,,3776180,3776180,0.65
INV-H5-000585,0,,2182615,2182615,0.65
INV-H5-000586,0,,2736015,2736015,0.65
INV-H5-000587,0,,3647489,3647489,0.65
INV-H5-000588,0,,858942,858942,0.65
INV-H5-000589,0,,1150933,1150933,0.65
INV-H5-000590,0,,2502225,2502225,0.65
INV-H5-000591,0,,1780442,1780442,0.65
INV-H5-000592,0,,3714402,3714402,0.65
INV-H5-000593,0,,1971033,1971033,0.65
INV-H5-000594,0,,420930,420930,0.65
INV-H5-000596,0,,1411552,1411552,0.65
INV-H5-000598,0,,2297893,2297893,0.65
INV-H5-000600,0,,2256241,2256241,0.65
INV-H5-000601,0,,979801,979801,0.65
INV-H5-000603,1,wrong_unit_basis;invoice_amount_mismatch;line_amount_mismatch;unit_price_mismatch,3512983,3495789,0.53
INV-H5-000606,0,,1717772,1717772,0.65
INV-H5-000607,0,,4751967,4751967,0.65
INV-H5-000608,0,,3039543,3039543,0.65
INV-H5-000609,0,,2362109,2362109,0.65
INV-H5-000610,0,,2557661,2557661,0.65
INV-H5-000612,0,,1089539,1089539,0.65
INV-H5-000613,0,,3850896,3850896,0.65
INV-H5-000614,0,,1017381,1017381,0.65
INV-H5-000615,1,invoice_amount_mismatch;line_amount_mismatch;unit_price_mismatch,1674751,1726957,0.53
INV-H5-000616,0,,3286614,3286614,0.65
INV-H5-000617,0,,2792147,2792147,0.65
INV-H5-000618,0,,1202960,1202960,0.65
INV-H5-000619,0,,3213857,3213857,0.65
INV-H5-000620,0,,6847291,6847291,0.65
INV-H5-000622,0,,3481987,3481987,0.65
INV-H5-000625,0,,2278445,2278445,0.65
INV-H5-000626,0,,2889111,2889111,0.65
INV-H5-000628,0,,3077117,3077117,0.65
INV-H5-000629,1,service_date_out_of_window;service_date_after_invoice_date;line_total_arithmetic;line_amount_mismatch,3571311,3596311,0.65
INV-H5-000631,0,,1544323,1544323,0.65
INV-H5-000632,0,,3170772,3170772,0.65
INV-H5-000633,0,,1375413,1375413,0.65
INV-H5-000634,0,,1129583,1129583,0.65
INV-H5-000635,0,,4600721,4600721,0.65
INV-H5-000636,0,,1615307,1615307,0.65
INV-H5-000637,0,,1319879,1319879,0.65
INV-H5-000638,0,,780437,780437,0.65
INV-H5-000641,0,,2452741,2452741,0.65
INV-H5-000642,0,,2686021,2686021,0.65
INV-H5-000643,0,,935341,935341,0.65
INV-H5-000644,0,,4207504,4207504,0.65
INV-H5-000645,0,,2439423,2439423,0.65
INV-H5-000647,0,,2569143,2569143,0.65
INV-H5-000648,0,,3996211,3996211,0.65
INV-H5-000649,0,,2156633,2156633,0.65
INV-H5-000651,0,,1122221,1122221,0.65
INV-H5-000653,0,,2987599,2987599,0.65
INV-H5-000656,0,,4704119,4704119,0.65
INV-H5-000657,0,,3026074,3026074,0.65
INV-H5-000658,0,,3424234,3424234,0.65
INV-H5-000659,0,,4167319,4167319,0.65
INV-H5-000663,0,,3452561,3452561,0.65
INV-H5-000664,0,,3475339,3475339,0.65
INV-H5-000666,0,,1068351,1068351,0.65
INV-H5-000667,0,,2287939,2287939,0.65
INV-H5-000668,0,,1192278,1192278,0.65
INV-H5-000670,0,,1463878,1463878,0.65
INV-H5-000672,0,,1374286,1374286,0.65
INV-H5-000673,0,,4505316,4505316,0.65
INV-H5-000674,0,,4042207,4042207,0.65
INV-H5-000675,0,,3275579,3275579,0.65
INV-H5-000676,0,,5671487,5671487,0.65
INV-H5-000679,0,,871701,871701,0.65
INV-H5-000680,1,service_date_after_invoice_date;line_amount_mismatch;premium_incorrectly_applied,5941719,6010657,0.65
INV-H5-000681,0,,2544026,2544026,0.65
INV-H5-000682,0,,4382733,4382733,0.65
INV-H5-000683,0,,4967450,4967450,0.65
INV-H5-000685,0,,2793436,2793436,0.65
INV-H5-000686,0,,2287616,2287616,0.65
INV-H5-000688,0,,2362572,2362572,0.65
INV-H5-000689,0,,3521008,3521008,0.65
INV-H5-000690,0,,4146073,4146073,0.65
INV-H5-000692,0,,739924,739924,0.65
INV-H5-000693,0,,3031724,3031724,0.65
INV-H5-000694,0,,5118910,5118910,0.65
INV-H5-000695,0,,951175,951175,0.65
INV-H5-000696,0,,443289,443289,0.65
INV-H5-000697,0,,3326538,3326538,0.65
INV-H5-000698,0,,2764318,2764318,0.65
INV-H5-000699,0,,1965404,1965404,0.65
INV-H5-000700,0,,3707563,3707563,0.65
INV-H5-000701,0,,3626931,3626931,0.65
INV-H5-000703,0,,3173652,3173652,0.65
INV-H5-000704,0,,1526203,1526203,0.65
INV-H5-000705,0,,1978038,1978038,0.65
INV-H5-000706,0,,1836000,1836000,0.65
INV-H5-000708,0,,2051938,2051938,0.65
INV-H5-000709,0,,4153935,4153935,0.65
INV-H5-000710,0,,1388508,1388508,0.65
INV-H5-000713,0,,913625,913625,0.65
INV-H5-000714,0,,809557,809557,0.65
INV-H5-000715,0,,7252548,7252548,0.65
INV-H5-000716,0,,1943044,1943044,0.65
INV-H5-000717,0,,6000607,6000607,0.65
INV-H5-000718,0,,2555240,2555240,0.65
INV-H5-000721,0,,4148962,4148962,0.65
INV-H5-000722,0,,1827885,1827885,0.65
INV-H5-000724,0,,2813464,2813464,0.65
INV-H5-000726,1,daily_cap_exceeded;invoice_amount_mismatch;line_amount_mismatch,4314277,4333302,0.45
INV-H5-000727,0,,2326874,2326874,0.65
INV-H5-000728,0,,2103207,2103207,0.65
INV-H5-000730,0,,3975905,3975905,0.65
INV-H5-000732,0,,3509492,3509492,0.65
INV-H5-000745,0,,915730,915730,0.65
INV-H5-000746,1,line_amount_mismatch;unit_price_mismatch,1454566,1518806,0.45
INV-H5-000747,0,,3892637,3892637,0.65
INV-H5-000748,0,,1784699,1784699,0.65
INV-H5-000749,1,unknown_service;daily_cap_exceeded;line_amount_mismatch,1824859,1840074,0.45
INV-H5-000751,1,malformed_service_date;daily_cap_exceeded;line_amount_mismatch,2425981,2434281,0.45
INV-H5-000752,1,line_amount_mismatch;premium_omitted,3543156,3515920,0.45
INV-H5-000754,0,,686754,686754,0.65
INV-H5-000755,0,,4521391,4521391,0.65
INV-H5-000758,0,,3052106,3052106,0.65
INV-H5-000759,1,cross_invoice_duplicate;bundle_incorrectly_applied;line_amount_mismatch;premium_incorrectly_applied,4066798,4212186,0.65
INV-H5-000761,0,,3145400,3145400,0.65
INV-H5-000762,0,,3265070,3265070,0.65
INV-H5-000764,0,,3203151,3203151,0.65
INV-H5-000765,0,,1233208,1233208,0.65
INV-H5-000767,0,,2849557,2849557,0.65
INV-H5-000769,0,,2675819,2675819,0.65
INV-H5-000770,0,,1340803,1340803,0.65
INV-H5-000772,0,,2791902,2791902,0.65
INV-H5-000773,0,,1366953,1366953,0.65
INV-H5-000774,0,,416832,416832,0.65
INV-H5-000775,0,,1705032,1705032,0.65
INV-H5-000776,0,,1809975,1809975,0.65
INV-H5-000778,0,,3267335,3267335,0.65
INV-H5-000780,0,,4160331,4160331,0.65
INV-H5-000783,0,,2487159,2487159,0.65
INV-H5-000785,0,,2995078,2995078,0.65
INV-H5-000787,1,unknown_service,4057705,4057705,0.53
INV-H5-000789,0,,2688188,2688188,0.65
INV-H5-000791,0,,2409561,2409561,0.65
INV-H5-000794,0,,2176531,2176531,0.65
INV-H5-000796,0,,1614519,1614519,0.65
INV-H5-000797,0,,1157947,1157947,0.65
INV-H5-000799,1,service_date_out_of_window;service_date_after_invoice_date;wrong_unit_basis;contract_number_mismatch,2145842,2145842,0.65
INV-H5-000800,0,,2358586,2358586,0.65
INV-H5-000801,0,,3032292,3032292,0.65
INV-H5-000803,0,,4670245,4670245,0.65
INV-H5-000805,0,,1853407,1853407,0.65
INV-H5-000806,0,,2996292,2996292,0.65
INV-H5-000807,0,,2777236,2777236,0.65
INV-H5-000810,0,,4619371,4619371,0.65
INV-H5-000811,0,,862226,862226,0.65
INV-H5-000812,0,,5661710,5661710,0.65
INV-H5-000813,0,,920502,920502,0.65
INV-H5-000814,0,,4875115,4875115,0.65
INV-H5-000815,0,,3112760,3112760,0.65
INV-H5-000816,0,,3037479,3037479,0.65
INV-H5-000817,0,,1317130,1317130,0.65
INV-H5-000822,0,,3149569,3149569,0.65
INV-H5-000824,0,,1147453,1147453,0.65
INV-H5-000825,0,,3713730,3713730,0.65
INV-H5-000826,0,,4191918,4191918,0.65
INV-H5-000827,0,,3234976,3234976,0.65
INV-H5-000828,0,,1586272,1586272,0.65
INV-H5-000830,0,,4093137,4093137,0.65
INV-H5-000835,0,,4006959,4006959,0.65
INV-H5-000836,0,,1111946,1111946,0.65
INV-H5-000837,0,,2314751,2314751,0.65
INV-H5-000838,0,,2103005,2103005,0.65
INV-H5-000841,0,,5653085,5653085,0.65
INV-H5-000842,0,,1031218,1031218,0.65
INV-H5-000843,1,invoice_amount_mismatch;line_amount_mismatch;unit_price_mismatch,3058433,2994881,0.53
INV-H5-000844,0,,1957490,1957490,0.65
INV-H5-000847,0,,2939617,2939617,0.65
INV-H5-000848,0,,1596145,1596145,0.65
INV-H5-000849,0,,4974630,4974630,0.65
INV-H5-000850,1,daily_cap_exceeded;invoice_amount_mismatch;line_amount_mismatch,4898641,4902057,0.45
INV-H5-000851,0,,2532921,2532921,0.65
INV-H5-000852,0,,6191609,6191609,0.65
INV-H5-000853,0,,2601163,2601163,0.65
INV-H5-000855,0,,3237849,3237849,0.65
INV-H5-000856,0,,2267767,2267767,0.65
INV-H5-000858,0,,1688007,1688007,0.65
INV-H5-000860,0,,2106262,2106262,0.65
INV-H5-000861,0,,2993863,2993863,0.65
INV-H5-000862,0,,2519370,2519370,0.65
INV-H5-000863,0,,962485,962485,0.65
INV-H5-000865,0,,2002670,2002670,0.65
INV-H5-000869,0,,1913028,1913028,0.65
INV-H5-000870,0,,1492257,1492257,0.65
INV-H5-000871,0,,2198231,2198231,0.65
INV-H5-000872,0,,1664133,1664133,0.65
INV-H5-000873,0,,4097350,4097350,0.65
INV-H5-000875,0,,3568347,3568347,0.65
INV-H5-000877,0,,1574894,1574894,0.65
INV-H5-000879,0,,1268035,1268035,0.65
INV-H5-000880,0,,625570,625570,0.65
INV-H5-000881,0,,1217530,1217530,0.65
INV-H5-000882,0,,3130100,3130100,0.65
INV-H5-000884,0,,1034433,1034433,0.65
INV-H5-000886,0,,2194566,2194566,0.65
INV-H5-000887,0,,981226,981226,0.65
INV-H5-000889,0,,1640226,1640226,0.65
INV-H5-000892,0,,3673701,3673701,0.65
INV-H5-000894,0,,2477796,2477796,0.65
INV-H5-000895,0,,1575522,1575522,0.65
INV-H5-000896,0,,2720760,2720760,0.65
INV-H5-000897,1,wrong_unit_basis;line_amount_mismatch;unit_price_mismatch,3774720,4233827,0.45
INV-H5-000899,0,,1456808,1456808,0.65
INV-H5-000901,0,,3601565,3601565,0.65
INV-H5-000902,0,,1581158,1581158,0.65
INV-H5-000904,0,,3407777,3407777,0.65
INV-H5-000905,0,,3741442,3741442,0.65
INV-H5-000906,0,,2881655,2881655,0.65
INV-H5-000907,1,line_total_arithmetic;line_amount_mismatch,1511081,1536081,0.65
INV-H5-000910,0,,4163409,4163409,0.65
INV-H5-000912,0,,2405012,2405012,0.65
INV-H5-000914,0,,1995034,1995034,0.65
INV-H5-000915,0,,3381685,3381685,0.65
INV-H5-000916,0,,5418244,5418244,0.65
INV-H5-000918,0,,4114271,4114271,0.65
INV-H5-000919,0,,666083,666083,0.65
INV-H5-000920,0,,4068735,4068735,0.65
INV-H5-000921,0,,3000249,3000249,0.65
INV-H5-000922,0,,786195,786195,0.65
INV-H5-000924,0,,1196647,1196647,0.65
INV-H5-000925,0,,2973439,2973439,0.65
INV-H5-000926,0,,1952954,1952954,0.65
INV-H5-000927,0,,4866592,4866592,0.65
INV-H5-000932,0,,1355311,1355311,0.65
INV-H5-000935,0,,4576964,4576964,0.65
INV-H5-000936,0,,1313868,1313868,0.65
INV-H5-000937,0,,6515306,6515306,0.65
INV-H5-000938,0,,2774726,2774726,0.65
INV-H5-000939,0,,3525865,3525865,0.65
INV-H5-000941,0,,2653154,2653154,0.65
INV-H5-000945,0,,3769040,3769040,0.65
INV-H5-000946,0,,3367191,3367191,0.65
INV-H5-000948,0,,850714,850714,0.65
INV-H5-000950,0,,4185066,4185066,0.65
INV-H5-000952,0,,2478862,2478862,0.65
INV-H5-000953,0,,3381670,3381670,0.65
INV-H5-000954,0,,2998126,2998126,0.65
INV-H5-000955,0,,2933020,2933020,0.65
INV-H5-000956,0,,1224306,1224306,0.65
INV-H5-000957,0,,2222390,2222390,0.65
INV-H5-000958,0,,3426845,3426845,0.65
INV-H5-000959,0,,1820777,1820777,0.65
INV-H5-000960,0,,5232678,5232678,0.65
INV-H5-000961,0,,1818870,1818870,0.65
INV-H5-000962,0,,2428061,2428061,0.65
INV-H5-000964,1,bundle_incorrectly_applied;invoice_amount_mismatch;line_amount_mismatch;unit_price_mismatch,2234553,2256912,0.53
INV-H5-000965,0,,5158385,5158385,0.65
INV-H5-000967,0,,4968113,4968113,0.65
INV-H5-000969,1,unknown_service;contract_number_mismatch;line_amount_mismatch;unit_price_mismatch,961727,1082586,0.65
INV-H5-000970,0,,1259941,1259941,0.65
INV-H5-000971,0,,2484210,2484210,0.65
INV-H5-000973,0,,2608248,2608248,0.65
INV-H5-000974,0,,694010,694010,0.65
INV-H5-000975,0,,3391520,3391520,0.65
INV-H5-000977,0,,586933,586933,0.65
INV-H5-000978,0,,3182051,3182051,0.65
INV-H5-000979,1,service_date_out_of_window,7668100,7668100,0.65
INV-H5-000980,0,,2661095,2661095,0.65
INV-H5-000982,0,,5824479,5824479,0.65
INV-H5-000986,0,,2455807,2455807,0.65
INV-H5-000987,0,,1939527,1939527,0.65
INV-H5-000988,0,,2059772,2059772,0.65
INV-H5-000990,0,,1843625,1843625,0.65
INV-H5-000991,0,,5002155,5002155,0.65
INV-H5-000992,0,,2800797,2800797,0.65
INV-H5-000994,1,invoice_amount_mismatch;line_amount_mismatch;premium_omitted,1553055,1528515,0.53
INV-H5-000995,0,,4439461,4439461,0.65
INV-H5-000997,1,cross_invoice_duplicate,3822708,4176333,0.65
INV-H5-000999,0,,429292,429292,0.65
INV-H5-001001,0,,741312,741312,0.65
INV-H5-001003,0,,2226123,2226123,0.65
INV-H5-001004,0,,636645,636645,0.65
INV-H5-001005,0,,2318348,2318348,0.65
INV-H5-001006,0,,510527,510527,0.65
INV-H5-001008,0,,2202566,2202566,0.65
INV-H5-001010,0,,3436810,3436810,0.65
INV-H5-001011,0,,3849659,3849659,0.65
INV-H5-001012,0,,1171431,1171431,0.65
INV-H5-001013,0,,3381343,3381343,0.65
INV-H5-001014,1,service_date_after_invoice_date,1777417,1777417,0.65
INV-H5-001017,0,,2990475,2990475,0.65
INV-H5-001018,0,,2806989,2806989,0.65
INV-H5-001019,0,,1774460,1774460,0.65
INV-H5-001020,0,,1359899,1359899,0.65
INV-H5-001021,0,,1418056,1418056,0.65
INV-H5-001023,0,,4145799,4145799,0.65
INV-H5-001024,1,daily_cap_exceeded;invoice_amount_mismatch;line_amount_mismatch,2275991,2990817,0.45
INV-H5-001025,0,,2191360,2191360,0.65
INV-H5-001026,0,,1854508,1854508,0.65
INV-H5-001027,0,,3103378,3103378,0.65
INV-H5-001029,0,,1326184,1326184,0.65
INV-H5-001030,0,,2445907,2445907,0.65
INV-H5-001031,0,,1546572,1546572,0.65
INV-H5-001033,0,,1825159,1825159,0.65
INV-H5-001039,0,,3109630,3109630,0.65
INV-H5-001041,0,,1744044,1744044,0.65
INV-H5-001043,0,,4740753,4740753,0.65
INV-H5-001044,0,,611603,611603,0.65
INV-H5-001045,1,line_amount_mismatch;volume_discount_omitted,1350139,1481689,0.08
INV-H5-001046,0,,1379695,1379695,0.65
INV-H5-001047,0,,2529492,2529492,0.65
INV-H5-001050,0,,1970667,1970667,0.65
INV-H5-001054,0,,2094051,2094051,0.65
INV-H5-001055,0,,2457815,2457815,0.65
INV-H5-001056,0,,1798050,1798050,0.65
INV-H5-001057,0,,4669721,4669721,0.65
